,HIG,AFL,DOX,BCE,BRK.B,BK,CI,JPM,DD,CL,KO,HON,L,PEP,RSG,PG,WMT,SYY,WU,Values
2019-09-26 10:30:00,0.05263157894736842,0.05263157894736842,0.05263157894736842,0.05263157894736842,0.05263157894736842,0.05263157894736842,0.05263157894736842,0.05263157894736842,0.05263157894736842,0.05263157894736842,0.05263157894736842,0.05263157894736842,0.05263157894736842,0.05263157894736842,0.05263157894736842,0.05263157894736842,0.05263157894736842,0.05263157894736842,0.05263157894736842,10000000.0
2019-09-26 11:30:00,0.05327534900244393,0.05224222062970135,0.05340007544289873,0.05253012891214997,0.052127392266143616,0.05213262970932427,0.04731608802358217,0.05202109859926877,0.052867385366731495,0.053600900989700634,0.05292719618581203,0.052530670510069925,0.052386601050381704,0.05308963186207458,0.0535306325144351,0.053162833666206895,0.052647725718396786,0.05464564804251397,0.05356579150816398,10000000.0
2019-09-26 12:30:00,0.05327534900244393,0.05224222062970135,0.05340007544289873,0.05253012891214997,0.052127392266143616,0.05213262970932427,0.04731608802358217,0.05202109859926877,0.052867385366731495,0.053600900989700634,0.05292719618581203,0.052530670510069925,0.052386601050381704,0.05308963186207458,0.0535306325144351,0.053162833666206895,0.052647725718396786,0.05464564804251397,0.05356579150816398,9982119.08345577
2019-09-26 13:30:00,0.05598356424646159,0.053955920073443665,0.055297550225693236,0.05429680511663692,0.05349697775606867,0.04731280386641319,0.045419174045624566,0.05148771950574306,0.04904546414152366,0.05440001586091509,0.0555259725446766,0.05118801275259891,0.0519504419646365,0.053286118913921605,0.058168745606532325,0.05440780800376914,0.050564901822042305,0.049421829389239835,0.054790174164059166,10003092.333502496
2019-09-26 14:30:00,0.05598356424646159,0.053955920073443665,0.055297550225693236,0.05429680511663692,0.05349697775606867,0.04731280386641319,0.045419174045624566,0.05148771950574306,0.04904546414152366,0.05440001586091509,0.0555259725446766,0.05118801275259891,0.0519504419646365,0.053286118913921605,0.058168745606532325,0.05440780800376914,0.050564901822042305,0.049421829389239835,0.054790174164059166,9995167.834995523
2019-09-26 15:30:00,0.056277686787665746,0.05170359522811504,0.055792196635710285,0.05407898093764754,0.05641963620695415,0.04843958832791619,0.04088340790697595,0.05042342873848516,0.05178282686896521,0.053553541125567296,0.05665428634849785,0.05276421599918813,0.05311644672141567,0.054308802972457645,0.05838954924577526,0.053917147372315496,0.049353378668189785,0.05009120998302508,0.05205007392513257,10017212.543684343
2019-09-27 10:30:00,0.056277686787665746,0.05170359522811504,0.055792196635710285,0.05407898093764754,0.05641963620695415,0.04843958832791619,0.04088340790697595,0.05042342873848516,0.05178282686896521,0.053553541125567296,0.05665428634849785,0.05276421599918813,0.05311644672141567,0.054308802972457645,0.05838954924577526,0.053917147372315496,0.049353378668189785,0.05009120998302508,0.05205007392513257,10011874.08013036
2019-09-27 11:30:00,0.056277686787665746,0.05170359522811504,0.055792196635710285,0.05407898093764754,0.05641963620695415,0.04843958832791619,0.04088340790697595,0.05042342873848516,0.05178282686896521,0.053553541125567296,0.05665428634849785,0.05276421599918813,0.05311644672141567,0.054308802972457645,0.05838954924577526,0.053917147372315496,0.049353378668189785,0.05009120998302508,0.05205007392513257,9988197.822424093
2019-09-27 12:30:00,0.05568087094116456,0.054567316748979966,0.05390460963044524,0.05531091577106377,0.05600072629009539,0.05107422052820268,0.03810084807683556,0.05040354755790669,0.05133232321576584,0.05369906380497591,0.056581513624884235,0.05213037724929765,0.053288731282800095,0.053106220931524534,0.057706599244125585,0.053877898469140685,0.04953278965968292,0.051460211608996664,0.052241215364112144,10011298.25795439
2019-09-27 13:30:00,0.05568087094116456,0.054567316748979966,0.05390460963044524,0.05531091577106377,0.05600072629009539,0.05107422052820268,0.03810084807683556,0.05040354755790669,0.05133232321576584,0.05369906380497591,0.056581513624884235,0.05213037724929765,0.053288731282800095,0.053106220931524534,0.057706599244125585,0.053877898469140685,0.04953278965968292,0.051460211608996664,0.052241215364112144,9973290.529821528
2019-09-27 14:30:00,0.05568087094116456,0.054567316748979966,0.05390460963044524,0.05531091577106377,0.05600072629009539,0.05107422052820268,0.03810084807683556,0.05040354755790669,0.05133232321576584,0.05369906380497591,0.056581513624884235,0.05213037724929765,0.053288731282800095,0.053106220931524534,0.057706599244125585,0.053877898469140685,0.04953278965968292,0.051460211608996664,0.052241215364112144,9964030.395203255
2019-09-27 15:30:00,0.05568087094116456,0.054567316748979966,0.05390460963044524,0.05531091577106377,0.05600072629009539,0.05107422052820268,0.03810084807683556,0.05040354755790669,0.05133232321576584,0.05369906380497591,0.056581513624884235,0.05213037724929765,0.053288731282800095,0.053106220931524534,0.057706599244125585,0.053877898469140685,0.04953278965968292,0.051460211608996664,0.052241215364112144,9949481.912411656
2019-09-30 10:30:00,0.05568087094116456,0.054567316748979966,0.05390460963044524,0.05531091577106377,0.05600072629009539,0.05107422052820268,0.03810084807683556,0.05040354755790669,0.05133232321576584,0.05369906380497591,0.056581513624884235,0.05213037724929765,0.053288731282800095,0.053106220931524534,0.057706599244125585,0.053877898469140685,0.04953278965968292,0.051460211608996664,0.052241215364112144,9950509.577456554
2019-09-30 11:30:00,0.05474007745074213,0.0545649275611415,0.05212701562572157,0.053062234122700475,0.05307726372568615,0.05193545816533602,0.03915175121070049,0.0500159614825813,0.055251211443588515,0.05349370923905517,0.058161236785040434,0.05278304160071864,0.05185253351838508,0.05494752962963802,0.05804481034497425,0.053698605254751154,0.048917699948608596,0.05206854147250449,0.05210639141812609,10019082.271749657
2019-09-30 12:30:00,0.053477744431427755,0.05074740650804154,0.05295462891982468,0.05353530938328177,0.05541272295957591,0.05178151208238428,0.04273628555534083,0.04883695562998007,0.05495849580176732,0.05074414272967968,0.05680515887798464,0.054312939618482964,0.052429380993821176,0.056584486929746484,0.06045689257922867,0.05101143093195006,0.04760712401610157,0.052600624090581645,0.05300675796079895,10050240.663103953
2019-09-30 13:30:00,0.05503074283377557,0.05037405091100138,0.053701924610277105,0.054201642389077334,0.05506411252537289,0.05424848555324858,0.042111684826889886,0.048809052505871815,0.05198781985840732,0.05002615688736528,0.054623366504152115,0.054081858236689866,0.05289557985368302,0.05567901266192061,0.05797954270036043,0.05092845589790939,0.0459006605306,0.05241163040121675,0.05994422031218075,10063641.348896181
2019-09-30 14:30:00,0.05503074283377557,0.05037405091100138,0.053701924610277105,0.054201642389077334,0.05506411252537289,0.05424848555324858,0.042111684826889886,0.048809052505871815,0.05198781985840732,0.05002615688736528,0.054623366504152115,0.054081858236689866,0.05289557985368302,0.05567901266192061,0.05797954270036043,0.05092845589790939,0.0459006605306,0.05241163040121675,0.05994422031218075,10057991.601093724
2019-09-30 15:30:00,0.05503074283377557,0.05037405091100138,0.053701924610277105,0.054201642389077334,0.05506411252537289,0.05424848555324858,0.042111684826889886,0.048809052505871815,0.05198781985840732,0.05002615688736528,0.054623366504152115,0.054081858236689866,0.05289557985368302,0.05567901266192061,0.05797954270036043,0.05092845589790939,0.0459006605306,0.05241163040121675,0.05994422031218075,10044476.988000425
2019-10-01 10:30:00,0.05503074283377557,0.05037405091100138,0.053701924610277105,0.054201642389077334,0.05506411252537289,0.05424848555324858,0.042111684826889886,0.048809052505871815,0.05198781985840732,0.05002615688736528,0.054623366504152115,0.054081858236689866,0.05289557985368302,0.05567901266192061,0.05797954270036043,0.05092845589790939,0.0459006605306,0.05241163040121675,0.05994422031218075,10041241.600577364
2019-10-01 11:30:00,0.05503074283377557,0.05037405091100138,0.053701924610277105,0.054201642389077334,0.05506411252537289,0.05424848555324858,0.042111684826889886,0.048809052505871815,0.05198781985840732,0.05002615688736528,0.054623366504152115,0.054081858236689866,0.05289557985368302,0.05567901266192061,0.05797954270036043,0.05092845589790939,0.0459006605306,0.05241163040121675,0.05994422031218075,9998706.357161773
2019-10-01 12:30:00,0.05503074283377557,0.05037405091100138,0.053701924610277105,0.054201642389077334,0.05506411252537289,0.05424848555324858,0.042111684826889886,0.048809052505871815,0.05198781985840732,0.05002615688736528,0.054623366504152115,0.054081858236689866,0.05289557985368302,0.05567901266192061,0.05797954270036043,0.05092845589790939,0.0459006605306,0.05241163040121675,0.05994422031218075,9988411.347315578
2019-10-01 13:30:00,0.05503074283377557,0.05037405091100138,0.053701924610277105,0.054201642389077334,0.05506411252537289,0.05424848555324858,0.042111684826889886,0.048809052505871815,0.05198781985840732,0.05002615688736528,0.054623366504152115,0.054081858236689866,0.05289557985368302,0.05567901266192061,0.05797954270036043,0.05092845589790939,0.0459006605306,0.05241163040121675,0.05994422031218075,9947487.82940015
2019-10-01 14:30:00,0.05503074283377557,0.05037405091100138,0.053701924610277105,0.054201642389077334,0.05506411252537289,0.05424848555324858,0.042111684826889886,0.048809052505871815,0.05198781985840732,0.05002615688736528,0.054623366504152115,0.054081858236689866,0.05289557985368302,0.05567901266192061,0.05797954270036043,0.05092845589790939,0.0459006605306,0.05241163040121675,0.05994422031218075,9915691.330553072
2019-10-01 15:30:00,0.05503074283377557,0.05037405091100138,0.053701924610277105,0.054201642389077334,0.05506411252537289,0.05424848555324858,0.042111684826889886,0.048809052505871815,0.05198781985840732,0.05002615688736528,0.054623366504152115,0.054081858236689866,0.05289557985368302,0.05567901266192061,0.05797954270036043,0.05092845589790939,0.0459006605306,0.05241163040121675,0.05994422031218075,9919637.33539823
2019-10-02 10:30:00,0.052719155435772255,0.050523492738277886,0.0534977421918179,0.054953814189590854,0.057699252900476915,0.054542562178809116,0.04513006502310032,0.048525801453695075,0.050479920635534574,0.05007490685394229,0.055019782342017744,0.051527899530392836,0.05037502545447792,0.05644062318691728,0.057142518077276334,0.05068619245801393,0.04647159268003019,0.05347654341009665,0.0607131092597598,9936569.19243824
2019-10-02 11:30:00,0.052719155435772255,0.050523492738277886,0.0534977421918179,0.054953814189590854,0.057699252900476915,0.054542562178809116,0.04513006502310032,0.048525801453695075,0.050479920635534574,0.05007490685394229,0.055019782342017744,0.051527899530392836,0.05037502545447792,0.05644062318691728,0.057142518077276334,0.05068619245801393,0.04647159268003019,0.05347654341009665,0.0607131092597598,9786968.312930752
2019-10-02 12:30:00,0.052719155435772255,0.050523492738277886,0.0534977421918179,0.054953814189590854,0.057699252900476915,0.054542562178809116,0.04513006502310032,0.048525801453695075,0.050479920635534574,0.05007490685394229,0.055019782342017744,0.051527899530392836,0.05037502545447792,0.05644062318691728,0.057142518077276334,0.05068619245801393,0.04647159268003019,0.05347654341009665,0.0607131092597598,9755328.285886148
2019-10-02 13:30:00,0.052719155435772255,0.050523492738277886,0.0534977421918179,0.054953814189590854,0.057699252900476915,0.054542562178809116,0.04513006502310032,0.048525801453695075,0.050479920635534574,0.05007490685394229,0.055019782342017744,0.051527899530392836,0.05037502545447792,0.05644062318691728,0.057142518077276334,0.05068619245801393,0.04647159268003019,0.05347654341009665,0.0607131092597598,9735032.944346847
2019-10-02 14:30:00,0.052719155435772255,0.050523492738277886,0.0534977421918179,0.054953814189590854,0.057699252900476915,0.054542562178809116,0.04513006502310032,0.048525801453695075,0.050479920635534574,0.05007490685394229,0.055019782342017744,0.051527899530392836,0.05037502545447792,0.05644062318691728,0.057142518077276334,0.05068619245801393,0.04647159268003019,0.05347654341009665,0.0607131092597598,9725408.20598882
2019-10-02 15:30:00,0.0526759104682834,0.05140564768748843,0.05443296046131782,0.056000077165458254,0.05413082987754853,0.05490457973512576,0.04961363154850616,0.047547656965400927,0.05427049116531263,0.04681849421733945,0.05501584650605769,0.05067255594422783,0.04898618244857908,0.055952582778208394,0.05553281391580369,0.051786660586673104,0.04455972004940445,0.05195386458514045,0.0637394938941237,9741624.071101956
2019-10-03 10:30:00,0.05174340277610424,0.05214230519130625,0.055008801381635136,0.056974705820615944,0.0543805557993768,0.05324333453974403,0.048671664072496616,0.04424522556316709,0.054280460131790324,0.047955721062083775,0.05576890797412077,0.049689503443566416,0.04828031567918222,0.06289007369408504,0.05486179090417541,0.052795781709858054,0.043815815682427026,0.05020291469565513,0.06304871987860969,9751671.231216036
2019-10-03 11:30:00,0.05174340277610424,0.05214230519130625,0.055008801381635136,0.056974705820615944,0.0543805557993768,0.05324333453974403,0.048671664072496616,0.04424522556316709,0.054280460131790324,0.047955721062083775,0.05576890797412077,0.049689503443566416,0.04828031567918222,0.06289007369408504,0.05486179090417541,0.052795781709858054,0.043815815682427026,0.05020291469565513,0.06304871987860969,9741986.856894713
2019-10-03 12:30:00,0.04750878126062859,0.050521596088376225,0.05371933654548989,0.053578866526755524,0.05303350799599901,0.049793688395794455,0.052951013174264476,0.043732303860660286,0.0612147102291693,0.048706504993112264,0.05957349040587777,0.05162631511419128,0.050239718021429465,0.06047308499529562,0.05243478730248213,0.052259015771922324,0.04525537014119012,0.04760546876582945,0.06577244041153184,9766510.157916054
2019-10-03 13:30:00,0.04750878126062859,0.050521596088376225,0.05371933654548989,0.053578866526755524,0.05303350799599901,0.049793688395794455,0.052951013174264476,0.043732303860660286,0.0612147102291693,0.048706504993112264,0.05957349040587777,0.05162631511419128,0.050239718021429465,0.06047308499529562,0.05243478730248213,0.052259015771922324,0.04525537014119012,0.04760546876582945,0.06577244041153184,9763413.654020922
2019-10-03 14:30:00,0.0499902250499211,0.05047564495917228,0.05598528779163838,0.05020853481037768,0.0510272458607966,0.0529548478627136,0.0468934308646074,0.04455755305002165,0.06540318056136281,0.04442342966243928,0.0586806174532732,0.052130256151760666,0.05058024505284866,0.05668618101816823,0.05283884575299885,0.05032868396525286,0.047160217794945926,0.04986327573305188,0.06981229660464888,9773834.771049147
2019-10-03 15:30:00,0.05017687012098087,0.04858892602921959,0.05339837625908455,0.051789531976492685,0.0564936794567746,0.05214059905122065,0.04626246553425048,0.0462592161093583,0.06594437679276811,0.04395459467307305,0.05886819806397377,0.05183751330535956,0.05248671962483273,0.053468660044068084,0.055533158047260604,0.05048833806775065,0.04584737672600275,0.04771666337936166,0.06874473673816718,9790498.538646394
2019-10-04 10:30:00,0.05017687012098087,0.04858892602921959,0.05339837625908455,0.051789531976492685,0.0564936794567746,0.05214059905122065,0.04626246553425048,0.0462592161093583,0.06594437679276811,0.04395459467307305,0.05886819806397377,0.05183751330535956,0.05248671962483273,0.053468660044068084,0.055533158047260604,0.05048833806775065,0.04584737672600275,0.04771666337936166,0.06874473673816718,9766900.976950897
2019-10-04 11:30:00,0.04966184426400737,0.04716334998223799,0.05365207379728376,0.052340668885425205,0.061798677959385005,0.05589422370014304,0.04793691219449881,0.046073605234670405,0.06884707011889403,0.043985430967727765,0.057033654637163214,0.05203946317587158,0.053272096381805197,0.055220289036367394,0.05762198028169727,0.048944219638825504,0.043971598658201314,0.04338476297318715,0.061158078112607955,9845044.521429999
2019-10-04 12:30:00,0.050139175027274614,0.04918716218775024,0.050684856784402973,0.054231786853881365,0.06203484400115582,0.05357018553958012,0.053623038593537294,0.04750840437078684,0.0681148171680139,0.043275183963728966,0.056772083155389216,0.0527498892832854,0.05390204550630375,0.053052004130177105,0.05518429862275709,0.04860398834196117,0.04413257060861864,0.04236481158510185,0.0608688542762936,9862515.575766
2019-10-04 13:30:00,0.050139175027274614,0.04918716218775024,0.050684856784402973,0.054231786853881365,0.06203484400115582,0.05357018553958012,0.053623038593537294,0.04750840437078684,0.0681148171680139,0.043275183963728966,0.056772083155389216,0.0527498892832854,0.05390204550630375,0.053052004130177105,0.05518429862275709,0.04860398834196117,0.04413257060861864,0.04236481158510185,0.0608688542762936,9863407.664184263
2019-10-04 14:30:00,0.050139175027274614,0.04918716218775024,0.050684856784402973,0.054231786853881365,0.06203484400115582,0.05357018553958012,0.053623038593537294,0.04750840437078684,0.0681148171680139,0.043275183963728966,0.056772083155389216,0.0527498892832854,0.05390204550630375,0.053052004130177105,0.05518429862275709,0.04860398834196117,0.04413257060861864,0.04236481158510185,0.0608688542762936,9862336.575017564
2019-10-04 15:30:00,0.0524837698865927,0.049947311885453635,0.05006332723437774,0.05150339573868474,0.061860954442910704,0.051813605882984934,0.05398071873963629,0.04794190057826524,0.06427404383926352,0.0438736767318905,0.05664787966107784,0.05139206856891924,0.05845297280552701,0.05426733969228373,0.05433764832471896,0.04879863986624631,0.04347735473896798,0.04323505638757749,0.061648334994621516,9877738.026615307
2019-10-07 10:30:00,0.05182436415733967,0.04816275572744257,0.0513145361273177,0.052474604070693265,0.06500947131679785,0.05288028915499992,0.05413958850724625,0.05283761002018767,0.06087263151563068,0.04490111298160427,0.052520779100783656,0.05071793400417305,0.06387220552162193,0.05161984091625579,0.05582368199878119,0.049733558924733204,0.04047056627019555,0.04232786106378422,0.05849660862041159,9898820.392559143
2019-10-07 11:30:00,0.05182436415733967,0.04816275572744257,0.0513145361273177,0.052474604070693265,0.06500947131679785,0.05288028915499992,0.05413958850724625,0.05283761002018767,0.06087263151563068,0.04490111298160427,0.052520779100783656,0.05071793400417305,0.06387220552162193,0.05161984091625579,0.05582368199878119,0.049733558924733204,0.04047056627019555,0.04232786106378422,0.05849660862041159,9878391.871774808
2019-10-07 12:30:00,0.05018395652311097,0.04686500536556878,0.04652780580938672,0.05043020450517411,0.06904985537655216,0.0570965480310657,0.055411270087259316,0.054900877611786955,0.06200659108298281,0.04473036687675601,0.05076031033528499,0.051738042456795995,0.058235425450163886,0.051448342404875766,0.05824292522255741,0.05005401432510932,0.04085568529328481,0.040044583704527355,0.06141818953775698,9890098.544657396
2019-10-07 13:30:00,0.05018395652311097,0.04686500536556878,0.04652780580938672,0.05043020450517411,0.06904985537655216,0.0570965480310657,0.055411270087259316,0.054900877611786955,0.06200659108298281,0.04473036687675601,0.05076031033528499,0.051738042456795995,0.058235425450163886,0.051448342404875766,0.05824292522255741,0.05005401432510932,0.04085568529328481,0.040044583704527355,0.06141818953775698,9884412.330786228
2019-10-07 14:30:00,0.05018395652311097,0.04686500536556878,0.04652780580938672,0.05043020450517411,0.06904985537655216,0.0570965480310657,0.055411270087259316,0.054900877611786955,0.06200659108298281,0.04473036687675601,0.05076031033528499,0.051738042456795995,0.058235425450163886,0.051448342404875766,0.05824292522255741,0.05005401432510932,0.04085568529328481,0.040044583704527355,0.06141818953775698,9882374.764086593
2019-10-07 15:30:00,0.05018395652311097,0.04686500536556878,0.04652780580938672,0.05043020450517411,0.06904985537655216,0.0570965480310657,0.055411270087259316,0.054900877611786955,0.06200659108298281,0.04473036687675601,0.05076031033528499,0.051738042456795995,0.058235425450163886,0.051448342404875766,0.05824292522255741,0.05005401432510932,0.04085568529328481,0.040044583704527355,0.06141818953775698,9881279.230095716
2019-10-08 10:30:00,0.05018395652311097,0.04686500536556878,0.04652780580938672,0.05043020450517411,0.06904985537655216,0.0570965480310657,0.055411270087259316,0.054900877611786955,0.06200659108298281,0.04473036687675601,0.05076031033528499,0.051738042456795995,0.058235425450163886,0.051448342404875766,0.05824292522255741,0.05005401432510932,0.04085568529328481,0.040044583704527355,0.06141818953775698,9882297.292386454
2019-10-08 11:30:00,0.05018395652311097,0.04686500536556878,0.04652780580938672,0.05043020450517411,0.06904985537655216,0.0570965480310657,0.055411270087259316,0.054900877611786955,0.06200659108298281,0.04473036687675601,0.05076031033528499,0.051738042456795995,0.058235425450163886,0.051448342404875766,0.05824292522255741,0.05005401432510932,0.04085568529328481,0.040044583704527355,0.06141818953775698,9740776.760824084
2019-10-08 12:30:00,0.05018395652311097,0.04686500536556878,0.04652780580938672,0.05043020450517411,0.06904985537655216,0.0570965480310657,0.055411270087259316,0.054900877611786955,0.06200659108298281,0.04473036687675601,0.05076031033528499,0.051738042456795995,0.058235425450163886,0.051448342404875766,0.05824292522255741,0.05005401432510932,0.04085568529328481,0.040044583704527355,0.06141818953775698,9740833.732625443
2019-10-08 13:30:00,0.051474878314230435,0.04996066613212721,0.044531984185028545,0.046298100226235345,0.0702181708150782,0.05951640459891654,0.05118198872407358,0.05635186124218323,0.06135392202908857,0.04569703022203702,0.0522960256015943,0.054407668800645265,0.057746476559947836,0.05137182050222381,0.05892161704063646,0.05296045167956309,0.04144224951415472,0.03947051356158607,0.05479817025064961,9760888.08075909
2019-10-08 14:30:00,0.04858450795455461,0.04703823152564251,0.046481101123836945,0.04787109106796131,0.07558724066454832,0.057116672439605186,0.04954849234462579,0.05403425786402859,0.06095553447479288,0.04598261500910201,0.05602567927550723,0.04961836908927578,0.054914456645322726,0.052608231761366524,0.06041049703161761,0.05316509030743327,0.04312485606858642,0.040916075431484226,0.056016999920707765,9783758.091140265
2019-10-08 15:30:00,0.04858450795455461,0.04703823152564251,0.046481101123836945,0.04787109106796131,0.07558724066454832,0.057116672439605186,0.04954849234462579,0.05403425786402859,0.06095553447479288,0.04598261500910201,0.05602567927550723,0.04961836908927578,0.054914456645322726,0.052608231761366524,0.06041049703161761,0.05316509030743327,0.04312485606858642,0.040916075431484226,0.056016999920707765,9775593.252442956
2019-10-09 10:30:00,0.04858450795455461,0.04703823152564251,0.046481101123836945,0.04787109106796131,0.07558724066454832,0.057116672439605186,0.04954849234462579,0.05403425786402859,0.06095553447479288,0.04598261500910201,0.05602567927550723,0.04961836908927578,0.054914456645322726,0.052608231761366524,0.06041049703161761,0.05316509030743327,0.04312485606858642,0.040916075431484226,0.056016999920707765,9775321.812103452
2019-10-09 11:30:00,0.04858450795455461,0.04703823152564251,0.046481101123836945,0.04787109106796131,0.07558724066454832,0.057116672439605186,0.04954849234462579,0.05403425786402859,0.06095553447479288,0.04598261500910201,0.05602567927550723,0.04961836908927578,0.054914456645322726,0.052608231761366524,0.06041049703161761,0.05316509030743327,0.04312485606858642,0.040916075431484226,0.056016999920707765,9770109.312648663
2019-10-09 12:30:00,0.04858450795455461,0.04703823152564251,0.046481101123836945,0.04787109106796131,0.07558724066454832,0.057116672439605186,0.04954849234462579,0.05403425786402859,0.06095553447479288,0.04598261500910201,0.05602567927550723,0.04961836908927578,0.054914456645322726,0.052608231761366524,0.06041049703161761,0.05316509030743327,0.04312485606858642,0.040916075431484226,0.056016999920707765,9751759.32142274
2019-10-09 13:30:00,0.04974875482796076,0.04550407057045232,0.04640499963337491,0.046571800929266306,0.07634166628416249,0.06094093658619815,0.05343781426031492,0.05273172754412532,0.05286966002870917,0.046848943726333504,0.057572985722904126,0.04797434770158371,0.05760140072624663,0.054630422456441126,0.06110221993947922,0.05200479247821899,0.04170289218154162,0.04109565301501449,0.0549149113876722,9773734.210660672
2019-10-09 14:30:00,0.048230348010135767,0.0460428358849677,0.04419858226444888,0.04391430622274187,0.06965572882212394,0.059591501480026274,0.05678082813237101,0.0524126228366077,0.049446687007700094,0.04880232127563221,0.06004830275434455,0.049072124572517535,0.0596590138654768,0.05686345390420916,0.06262692899656332,0.05407798468997034,0.0409365196452997,0.040971183184915765,0.056668726449947575,9786171.391224928
2019-10-09 15:30:00,0.04568159321744748,0.04393285269547871,0.04266736304932758,0.04273241842077483,0.07178344087983199,0.06203407311122462,0.05696652149844629,0.05340692045656915,0.04873717284843964,0.05128679032860654,0.0587172498867682,0.05352512973738726,0.06123229518290955,0.05719385247444848,0.06140684448264309,0.05450193501148328,0.039181469061322895,0.03986850513296622,0.05514357252392438,9799158.439282548
2019-10-10 10:30:00,0.046302858868512854,0.04561387745600421,0.041966445640985436,0.046056960077353916,0.07106072254339665,0.06798654953197163,0.060046938913208385,0.056450888167387775,0.042667690012852214,0.047843039705858174,0.05605286924225563,0.05512720438461981,0.06302071527957845,0.05525298562873641,0.05992712515241668,0.051622945523771425,0.039355238929867885,0.03810581527060424,0.0555391296706182,9809107.692002786
2019-10-10 11:30:00,0.046207022865652966,0.045518868074099474,0.03943655161443672,0.042976939066441004,0.07318368860385487,0.06071898436356693,0.05796519763909454,0.058977132654457746,0.04484433470141418,0.05090178041493191,0.05617535622891723,0.05358420640582492,0.060990415289278885,0.05599639710544323,0.06435270718593314,0.05293295216130297,0.03854570241463121,0.04058333121753593,0.05610843199318211,9834726.74664584
2019-10-10 12:30:00,0.04689239674532016,0.04610781248293047,0.038379970351517974,0.04202153418717398,0.07507922796070221,0.063537599880174,0.054077485598421,0.06192944002781341,0.04029801358918626,0.051115353108173354,0.05595569110849711,0.05300563482281596,0.06326738203018326,0.055612857149124534,0.06644290291670633,0.052666711756797185,0.03856923918182273,0.038758082168078176,0.056282664934561806,9857504.699094884
2019-10-10 13:30:00,0.04689239674532016,0.04610781248293047,0.038379970351517974,0.04202153418717398,0.07507922796070221,0.063537599880174,0.054077485598421,0.06192944002781341,0.04029801358918626,0.051115353108173354,0.05595569110849711,0.05300563482281596,0.06326738203018326,0.055612857149124534,0.06644290291670633,0.052666711756797185,0.03856923918182273,0.038758082168078176,0.056282664934561806,9849465.43725399
2019-10-10 14:30:00,0.04689239674532016,0.04610781248293047,0.038379970351517974,0.04202153418717398,0.07507922796070221,0.063537599880174,0.054077485598421,0.06192944002781341,0.04029801358918626,0.051115353108173354,0.05595569110849711,0.05300563482281596,0.06326738203018326,0.055612857149124534,0.06644290291670633,0.052666711756797185,0.03856923918182273,0.038758082168078176,0.056282664934561806,9843130.026417367
2019-10-10 15:30:00,0.04689239674532016,0.04610781248293047,0.038379970351517974,0.04202153418717398,0.07507922796070221,0.063537599880174,0.054077485598421,0.06192944002781341,0.04029801358918626,0.051115353108173354,0.05595569110849711,0.05300563482281596,0.06326738203018326,0.055612857149124534,0.06644290291670633,0.052666711756797185,0.03856923918182273,0.038758082168078176,0.056282664934561806,9831124.317783536
2019-10-11 10:30:00,0.04689239674532016,0.04610781248293047,0.038379970351517974,0.04202153418717398,0.07507922796070221,0.063537599880174,0.054077485598421,0.06192944002781341,0.04029801358918626,0.051115353108173354,0.05595569110849711,0.05300563482281596,0.06326738203018326,0.055612857149124534,0.06644290291670633,0.052666711756797185,0.03856923918182273,0.038758082168078176,0.056282664934561806,9836524.813586082
2019-10-11 11:30:00,0.048158910901732806,0.04503485790736718,0.03829367500283364,0.04065779767299405,0.07431323254282485,0.06336081162022218,0.052756065516888086,0.06498476238145638,0.044324435055193186,0.04910785064192914,0.054311280701888016,0.05333010353085737,0.06660580454652541,0.055453611867566976,0.06735739197933742,0.05052389325996031,0.03965666731770414,0.03862222803733093,0.053146619515388245,9948174.500004569
2019-10-11 12:30:00,0.04778324105773236,0.04493429440482615,0.03851191381262387,0.03958679315569113,0.0789594413334926,0.06190005096374411,0.04820095153150134,0.06184242321132906,0.04411717719526089,0.05111033613316107,0.055522033526638224,0.05232233517798866,0.06530841448419224,0.05792086333158611,0.06554017073130308,0.05166328493473879,0.04021417491816761,0.03934308453206292,0.05521901556395959,9964269.568605496
2019-10-11 13:30:00,0.04778324105773236,0.04493429440482615,0.03851191381262387,0.03958679315569113,0.0789594413334926,0.06190005096374411,0.04820095153150134,0.06184242321132906,0.04411717719526089,0.05111033613316107,0.055522033526638224,0.05232233517798866,0.06530841448419224,0.05792086333158611,0.06554017073130308,0.05166328493473879,0.04021417491816761,0.03934308453206292,0.05521901556395959,9942342.083459903
2019-10-11 14:30:00,0.04778324105773236,0.04493429440482615,0.03851191381262387,0.03958679315569113,0.0789594413334926,0.06190005096374411,0.04820095153150134,0.06184242321132906,0.04411717719526089,0.05111033613316107,0.055522033526638224,0.05232233517798866,0.06530841448419224,0.05792086333158611,0.06554017073130308,0.05166328493473879,0.04021417491816761,0.03934308453206292,0.05521901556395959,9941942.041329496
2019-10-11 15:30:00,0.04778324105773236,0.04493429440482615,0.03851191381262387,0.03958679315569113,0.0789594413334926,0.06190005096374411,0.04820095153150134,0.06184242321132906,0.04411717719526089,0.05111033613316107,0.055522033526638224,0.05232233517798866,0.06530841448419224,0.05792086333158611,0.06554017073130308,0.05166328493473879,0.04021417491816761,0.03934308453206292,0.05521901556395959,9944423.21626561
2019-10-14 10:30:00,0.04938020385007518,0.04688324875635927,0.038143093154211334,0.04094502253297693,0.07842898679161205,0.05745885023941067,0.04805693009952911,0.060635284455824376,0.042038696174080493,0.04906263882868296,0.05802230474918581,0.05252772474712392,0.06361630349918518,0.059835403123136295,0.06674381777433398,0.05158922621783446,0.04068499753040624,0.040508118496416445,0.055439148979615084,9951633.27447139
2019-10-14 11:30:00,0.04938020385007518,0.04688324875635927,0.038143093154211334,0.04094502253297693,0.07842898679161205,0.05745885023941067,0.04805693009952911,0.060635284455824376,0.042038696174080493,0.04906263882868296,0.05802230474918581,0.05252772474712392,0.06361630349918518,0.059835403123136295,0.06674381777433398,0.05158922621783446,0.04068499753040624,0.040508118496416445,0.055439148979615084,9883056.687994683
2019-10-14 12:30:00,0.04938020385007518,0.04688324875635927,0.038143093154211334,0.04094502253297693,0.07842898679161205,0.05745885023941067,0.04805693009952911,0.060635284455824376,0.042038696174080493,0.04906263882868296,0.05802230474918581,0.05252772474712392,0.06361630349918518,0.059835403123136295,0.06674381777433398,0.05158922621783446,0.04068499753040624,0.040508118496416445,0.055439148979615084,9868748.289866826
2019-10-14 13:30:00,0.04938020385007518,0.04688324875635927,0.038143093154211334,0.04094502253297693,0.07842898679161205,0.05745885023941067,0.04805693009952911,0.060635284455824376,0.042038696174080493,0.04906263882868296,0.05802230474918581,0.05252772474712392,0.06361630349918518,0.059835403123136295,0.06674381777433398,0.05158922621783446,0.04068499753040624,0.040508118496416445,0.055439148979615084,9868395.59443125
2019-10-14 14:30:00,0.04938020385007518,0.04688324875635927,0.038143093154211334,0.04094502253297693,0.07842898679161205,0.05745885023941067,0.04805693009952911,0.060635284455824376,0.042038696174080493,0.04906263882868296,0.05802230474918581,0.05252772474712392,0.06361630349918518,0.059835403123136295,0.06674381777433398,0.05158922621783446,0.04068499753040624,0.040508118496416445,0.055439148979615084,9871575.173760343
2019-10-14 15:30:00,0.04938020385007518,0.04688324875635927,0.038143093154211334,0.04094502253297693,0.07842898679161205,0.05745885023941067,0.04805693009952911,0.060635284455824376,0.042038696174080493,0.04906263882868296,0.05802230474918581,0.05252772474712392,0.06361630349918518,0.059835403123136295,0.06674381777433398,0.05158922621783446,0.04068499753040624,0.040508118496416445,0.055439148979615084,9877630.624763638
2019-10-15 10:30:00,0.04938020385007518,0.04688324875635927,0.038143093154211334,0.04094502253297693,0.07842898679161205,0.05745885023941067,0.04805693009952911,0.060635284455824376,0.042038696174080493,0.04906263882868296,0.05802230474918581,0.05252772474712392,0.06361630349918518,0.059835403123136295,0.06674381777433398,0.05158922621783446,0.04068499753040624,0.040508118496416445,0.055439148979615084,9874169.964166662
2019-10-15 11:30:00,0.04826916130925624,0.0461313796202405,0.03938977778456654,0.0400428129618008,0.08114545861451823,0.06156581227325791,0.04943676692470651,0.06713499188112731,0.04466204555331715,0.04480082438896639,0.05660071472302433,0.05456471633129665,0.06471258870722489,0.05769928608296214,0.06382740057405303,0.046064209470643956,0.03908211692068687,0.03890454514931003,0.05596539072904035,9934043.264430996
2019-10-15 12:30:00,0.045378905579923946,0.04687764745029505,0.04010443169445163,0.03754816534971527,0.09198372501796537,0.059561694360696575,0.04702589692441023,0.07291237018760466,0.04234516794447084,0.046841743122867006,0.056827768882190134,0.04977380776626855,0.06423951878907602,0.05702570420608211,0.0638776229052317,0.041658950222245715,0.03803616125807299,0.04190871329610738,0.056072005042324916,9945732.890520342
2019-10-15 13:30:00,0.045378905579923946,0.04687764745029505,0.04010443169445163,0.03754816534971527,0.09198372501796537,0.059561694360696575,0.04702589692441023,0.07291237018760466,0.04234516794447084,0.046841743122867006,0.056827768882190134,0.04977380776626855,0.06423951878907602,0.05702570420608211,0.0638776229052317,0.041658950222245715,0.03803616125807299,0.04190871329610738,0.056072005042324916,9939727.408065176
2019-10-15 14:30:00,0.045378905579923946,0.04687764745029505,0.04010443169445163,0.03754816534971527,0.09198372501796537,0.059561694360696575,0.04702589692441023,0.07291237018760466,0.04234516794447084,0.046841743122867006,0.056827768882190134,0.04977380776626855,0.06423951878907602,0.05702570420608211,0.0638776229052317,0.041658950222245715,0.03803616125807299,0.04190871329610738,0.056072005042324916,9936526.999289233
2019-10-15 15:30:00,0.04615664479848341,0.04515888265352149,0.04084392756156338,0.03841879941762477,0.10013972925245213,0.06065107945146253,0.0477447112271604,0.06509803532791336,0.03960027948829177,0.0455149037317128,0.06271183400955743,0.047614159343980805,0.06041891663190062,0.057383227908098966,0.06368046670876737,0.04210788369365569,0.04209007712449071,0.04086232042258043,0.053804121246782036,9952983.993718106
2019-10-16 10:30:00,0.04615664479848341,0.04515888265352149,0.04084392756156338,0.03841879941762477,0.10013972925245213,0.06065107945146253,0.0477447112271604,0.06509803532791336,0.03960027948829177,0.0455149037317128,0.06271183400955743,0.047614159343980805,0.06041891663190062,0.057383227908098966,0.06368046670876737,0.04210788369365569,0.04209007712449071,0.04086232042258043,0.053804121246782036,9952348.641711876
2019-10-16 11:30:00,0.04615664479848341,0.04515888265352149,0.04084392756156338,0.03841879941762477,0.10013972925245213,0.06065107945146253,0.0477447112271604,0.06509803532791336,0.03960027948829177,0.0455149037317128,0.06271183400955743,0.047614159343980805,0.06041891663190062,0.057383227908098966,0.06368046670876737,0.04210788369365569,0.04209007712449071,0.04086232042258043,0.053804121246782036,9928302.161847409
2019-10-16 12:30:00,0.043219591154289326,0.04409930784221425,0.041316155273639486,0.037715064432900826,0.09921153756452242,0.05963749392108353,0.054008989558804725,0.06217210303955924,0.04051363099902287,0.04653446429599049,0.063209130294117,0.04862236959232017,0.059270389497277295,0.05777771146534668,0.06374968293853531,0.042568461478275095,0.04181543721736109,0.03936078906744137,0.05519769036729878,9942682.980784513
2019-10-16 13:30:00,0.043219591154289326,0.04409930784221425,0.041316155273639486,0.037715064432900826,0.09921153756452242,0.05963749392108353,0.054008989558804725,0.06217210303955924,0.04051363099902287,0.04653446429599049,0.063209130294117,0.04862236959232017,0.059270389497277295,0.05777771146534668,0.06374968293853531,0.042568461478275095,0.04181543721736109,0.03936078906744137,0.05519769036729878,9933988.088281624
2019-10-16 14:30:00,0.043219591154289326,0.04409930784221425,0.041316155273639486,0.037715064432900826,0.09921153756452242,0.05963749392108353,0.054008989558804725,0.06217210303955924,0.04051363099902287,0.04653446429599049,0.063209130294117,0.04862236959232017,0.059270389497277295,0.05777771146534668,0.06374968293853531,0.042568461478275095,0.04181543721736109,0.03936078906744137,0.05519769036729878,9926689.749367446
2019-10-16 15:30:00,0.043312483142251564,0.044009543695350116,0.04122964492326709,0.03603867846158402,0.10419250134380825,0.05701424406224244,0.05972647622767569,0.061948907118659656,0.03626261893550893,0.045774296995634414,0.06528114685259617,0.04582825980679472,0.061637923662111384,0.05620116457277513,0.0695579566902198,0.04265766206627525,0.03923286291766212,0.03938524579346697,0.05070838273211653,9935287.706281515
2019-10-17 10:30:00,0.043312483142251564,0.044009543695350116,0.04122964492326709,0.03603867846158402,0.10419250134380825,0.05701424406224244,0.05972647622767569,0.061948907118659656,0.03626261893550893,0.045774296995634414,0.06528114685259617,0.04582825980679472,0.061637923662111384,0.05620116457277513,0.0695579566902198,0.04265766206627525,0.03923286291766212,0.03938524579346697,0.05070838273211653,9933608.319499638
2019-10-17 11:30:00,0.04111218227296664,0.0439204534460623,0.04281103810367761,0.035751965597169116,0.11130788887519688,0.05497594184805394,0.06298543793264316,0.059443003145593414,0.03293636487192881,0.04450135026581384,0.0638031565958792,0.04642465036346684,0.059713508232492066,0.056769422366794,0.0692085728997775,0.04392270558840458,0.040403251587029586,0.039972414513846144,0.05003669149320438,9988197.804247305
2019-10-17 12:30:00,0.04111218227296664,0.0439204534460623,0.04281103810367761,0.035751965597169116,0.11130788887519688,0.05497594184805394,0.06298543793264316,0.059443003145593414,0.03293636487192881,0.04450135026581384,0.0638031565958792,0.04642465036346684,0.059713508232492066,0.056769422366794,0.0692085728997775,0.04392270558840458,0.040403251587029586,0.039972414513846144,0.05003669149320438,9972128.01697884
2019-10-17 13:30:00,0.04111218227296664,0.0439204534460623,0.04281103810367761,0.035751965597169116,0.11130788887519688,0.05497594184805394,0.06298543793264316,0.059443003145593414,0.03293636487192881,0.04450135026581384,0.0638031565958792,0.04642465036346684,0.059713508232492066,0.056769422366794,0.0692085728997775,0.04392270558840458,0.040403251587029586,0.039972414513846144,0.05003669149320438,9964518.106727146
2019-10-17 14:30:00,0.04061268130241273,0.044882769445871065,0.044677068920074836,0.03668734201743157,0.10505661799746176,0.06022699543561132,0.06915895305788106,0.06596434443770377,0.03294646943705493,0.043082385696764376,0.057768751930045575,0.05181605336992816,0.06094257831091603,0.05176155575510616,0.0685110818170645,0.03940774533803624,0.03950742250741621,0.03812130552463234,0.048867877698587345,9974860.869956268
2019-10-17 15:30:00,0.04061268130241273,0.044882769445871065,0.044677068920074836,0.03668734201743157,0.10505661799746176,0.06022699543561132,0.06915895305788106,0.06596434443770377,0.03294646943705493,0.043082385696764376,0.057768751930045575,0.05181605336992816,0.06094257831091603,0.05176155575510616,0.0685110818170645,0.03940774533803624,0.03950742250741621,0.03812130552463234,0.048867877698587345,9972035.027476175
2019-10-18 10:30:00,0.04061268130241273,0.044882769445871065,0.044677068920074836,0.03668734201743157,0.10505661799746176,0.06022699543561132,0.06915895305788106,0.06596434443770377,0.03294646943705493,0.043082385696764376,0.057768751930045575,0.05181605336992816,0.06094257831091603,0.05176155575510616,0.0685110818170645,0.03940774533803624,0.03950742250741621,0.03812130552463234,0.048867877698587345,9974357.813924452
2019-10-18 11:30:00,0.041367146578929835,0.045295820931236824,0.042319689550984675,0.035314017996801984,0.10156024349984753,0.06586718837820438,0.06470644076293194,0.0667403590468832,0.03422937513464054,0.041708386192005044,0.06185844186957421,0.0510414106438442,0.06183709481034038,0.0504823578185579,0.07322578489648628,0.03774350652779086,0.03833114817248284,0.03806703933518396,0.04830454785327305,9991624.34643235
2019-10-18 12:30:00,0.042508899195875374,0.04550594898456188,0.03964168798848879,0.03417046484603102,0.11159800240437422,0.06516921589856838,0.06262175947805225,0.0663270013663314,0.031120004632789574,0.04495762413257208,0.06157387755126204,0.054223955374462424,0.06253483476636135,0.04845518065672475,0.07283602992017403,0.03971550089143192,0.035573213686016514,0.03610605855536764,0.045360739670554276,10010521.38303597
2019-10-18 13:30:00,0.042508899195875374,0.04550594898456188,0.03964168798848879,0.03417046484603102,0.11159800240437422,0.06516921589856838,0.06262175947805225,0.0663270013663314,0.031120004632789574,0.04495762413257208,0.06157387755126204,0.054223955374462424,0.06253483476636135,0.04845518065672475,0.07283602992017403,0.03971550089143192,0.035573213686016514,0.03610605855536764,0.045360739670554276,9999163.448709844
2019-10-18 14:30:00,0.04502772412707129,0.044773720639279334,0.03951542013470299,0.0341895922933597,0.11126847285010047,0.06971084729445451,0.061631820505955226,0.06333273495618148,0.03122064613742449,0.046888867813656275,0.0579025606712854,0.058513111504164515,0.058893741088808814,0.046719299781863295,0.07248328129870213,0.040224351297073274,0.03491181137449499,0.03597141379861682,0.04682058243280513,10009758.404523198
2019-10-18 15:30:00,0.041649305276783184,0.04465281613474561,0.04015111859698721,0.035122295551202755,0.11408893160254999,0.06348652343203308,0.06980759713002253,0.06498215734093772,0.028496326430617225,0.04700811565536291,0.059440889915716076,0.05509475228186033,0.05402993570712922,0.048342553885460486,0.07322388120431361,0.04015916668268302,0.03509266217763414,0.03518750537857122,0.04998346561538979,10027576.256057283
2019-10-21 10:30:00,0.041649305276783184,0.04465281613474561,0.04015111859698721,0.035122295551202755,0.11408893160254999,0.06348652343203308,0.06980759713002253,0.06498215734093772,0.028496326430617225,0.04700811565536291,0.059440889915716076,0.05509475228186033,0.05402993570712922,0.048342553885460486,0.07322388120431361,0.04015916668268302,0.03509266217763414,0.03518750537857122,0.04998346561538979,10020339.568564126
2019-10-21 11:30:00,0.041983458180158646,0.04532098874971996,0.041144116825608326,0.03499314520795759,0.11573323699658841,0.0632528458611171,0.06818991877953412,0.07254173416647954,0.027045131049206368,0.045372379414901604,0.053912162693785376,0.057250978558514826,0.05286834646329209,0.046747387032903306,0.07149671022476423,0.042547769279935796,0.03555809980885369,0.03471803708262654,0.04932355362405252,10060565.123268185
2019-10-21 12:30:00,0.041983458180158646,0.04532098874971996,0.041144116825608326,0.03499314520795759,0.11573323699658841,0.0632528458611171,0.06818991877953412,0.07254173416647954,0.027045131049206368,0.045372379414901604,0.053912162693785376,0.057250978558514826,0.05286834646329209,0.046747387032903306,0.07149671022476423,0.042547769279935796,0.03555809980885369,0.03471803708262654,0.04932355362405252,10062588.782272615
2019-10-21 13:30:00,0.041983458180158646,0.04532098874971996,0.041144116825608326,0.03499314520795759,0.11573323699658841,0.0632528458611171,0.06818991877953412,0.07254173416647954,0.027045131049206368,0.045372379414901604,0.053912162693785376,0.057250978558514826,0.05286834646329209,0.046747387032903306,0.07149671022476423,0.042547769279935796,0.03555809980885369,0.03471803708262654,0.04932355362405252,10052768.895021643
2019-10-21 14:30:00,0.041983458180158646,0.04532098874971996,0.041144116825608326,0.03499314520795759,0.11573323699658841,0.0632528458611171,0.06818991877953412,0.07254173416647954,0.027045131049206368,0.045372379414901604,0.053912162693785376,0.057250978558514826,0.05286834646329209,0.046747387032903306,0.07149671022476423,0.042547769279935796,0.03555809980885369,0.03471803708262654,0.04932355362405252,10050192.007181773
2019-10-21 15:30:00,0.041983458180158646,0.04532098874971996,0.041144116825608326,0.03499314520795759,0.11573323699658841,0.0632528458611171,0.06818991877953412,0.07254173416647954,0.027045131049206368,0.045372379414901604,0.053912162693785376,0.057250978558514826,0.05286834646329209,0.046747387032903306,0.07149671022476423,0.042547769279935796,0.03555809980885369,0.03471803708262654,0.04932355362405252,10058362.025861314
2019-10-22 10:30:00,0.03890030890418606,0.044586372516418574,0.0406710393263811,0.034865587747956325,0.11525493184079486,0.06319389457170642,0.0728435660780123,0.07153207083737141,0.025621680280719764,0.04420441214047147,0.053871131313925694,0.056544666821760375,0.05119891871921303,0.04737382275925303,0.07265277096509298,0.047518445915528666,0.03550505744220844,0.03431118263645305,0.04935013918254658,10063323.90858333
2019-10-22 11:30:00,0.03485239276767004,0.043393231207299494,0.03871229823037095,0.034615007471600116,0.11762510820100319,0.06687254755949575,0.0714217285961423,0.074463706069128,0.028308533405886557,0.04493412857842531,0.052658946486895876,0.05709954809738816,0.048361689362406333,0.04725070486062325,0.0681669511237867,0.05159007768526331,0.0355776621562196,0.0351661909093894,0.0489295472310057,10072071.042492138
2019-10-22 12:30:00,0.03470350186832452,0.043114817702170655,0.037696635131176257,0.03335669368415897,0.11479909516498543,0.07439437711040715,0.07623988322937303,0.07939545200978473,0.029330375457073846,0.04296550834859925,0.04955899636779664,0.05867347187295248,0.05043881194421926,0.04637221113624913,0.0646633172676276,0.048662199048337205,0.03593661891929516,0.032885561606605045,0.04681247213086367,10081980.783869851
2019-10-22 13:30:00,0.03470350186832452,0.043114817702170655,0.037696635131176257,0.03335669368415897,0.11479909516498543,0.07439437711040715,0.07623988322937303,0.07939545200978473,0.029330375457073846,0.04296550834859925,0.04955899636779664,0.05867347187295248,0.05043881194421926,0.04637221113624913,0.0646633172676276,0.048662199048337205,0.03593661891929516,0.032885561606605045,0.04681247213086367,10086589.205572724
2019-10-22 14:30:00,0.03113061489960496,0.043364871880315035,0.034947503857525014,0.031842527393482145,0.10996699334220045,0.08164569754854903,0.07846266166018609,0.08533346119646384,0.03279957158297421,0.041967716962813165,0.04709571130363616,0.061085928448553935,0.051405713596270004,0.044125945869047487,0.06199167163021995,0.04884711006406418,0.035665395415354344,0.03239445881809931,0.045926444530640556,10094336.609562777
2019-10-22 15:30:00,0.03113061489960496,0.043364871880315035,0.034947503857525014,0.031842527393482145,0.10996699334220045,0.08164569754854903,0.07846266166018609,0.08533346119646384,0.03279957158297421,0.041967716962813165,0.04709571130363616,0.061085928448553935,0.051405713596270004,0.044125945869047487,0.06199167163021995,0.04884711006406418,0.035665395415354344,0.03239445881809931,0.045926444530640556,10090169.582484288
2019-10-23 10:30:00,0.03113061489960496,0.043364871880315035,0.034947503857525014,0.031842527393482145,0.10996699334220045,0.08164569754854903,0.07846266166018609,0.08533346119646384,0.03279957158297421,0.041967716962813165,0.04709571130363616,0.061085928448553935,0.051405713596270004,0.044125945869047487,0.06199167163021995,0.04884711006406418,0.035665395415354344,0.03239445881809931,0.045926444530640556,10077400.786370702
2019-10-23 11:30:00,0.03113061489960496,0.043364871880315035,0.034947503857525014,0.031842527393482145,0.10996699334220045,0.08164569754854903,0.07846266166018609,0.08533346119646384,0.03279957158297421,0.041967716962813165,0.04709571130363616,0.061085928448553935,0.051405713596270004,0.044125945869047487,0.06199167163021995,0.04884711006406418,0.035665395415354344,0.03239445881809931,0.045926444530640556,10068711.794208314
2019-10-23 12:30:00,0.03113061489960496,0.043364871880315035,0.034947503857525014,0.031842527393482145,0.10996699334220045,0.08164569754854903,0.07846266166018609,0.08533346119646384,0.03279957158297421,0.041967716962813165,0.04709571130363616,0.061085928448553935,0.051405713596270004,0.044125945869047487,0.06199167163021995,0.04884711006406418,0.035665395415354344,0.03239445881809931,0.045926444530640556,10072214.878917864
2019-10-23 13:30:00,0.03113061489960496,0.043364871880315035,0.034947503857525014,0.031842527393482145,0.10996699334220045,0.08164569754854903,0.07846266166018609,0.08533346119646384,0.03279957158297421,0.041967716962813165,0.04709571130363616,0.061085928448553935,0.051405713596270004,0.044125945869047487,0.06199167163021995,0.04884711006406418,0.035665395415354344,0.03239445881809931,0.045926444530640556,10064578.197758047
2019-10-23 14:30:00,0.03113061489960496,0.043364871880315035,0.034947503857525014,0.031842527393482145,0.10996699334220045,0.08164569754854903,0.07846266166018609,0.08533346119646384,0.03279957158297421,0.041967716962813165,0.04709571130363616,0.061085928448553935,0.051405713596270004,0.044125945869047487,0.06199167163021995,0.04884711006406418,0.035665395415354344,0.03239445881809931,0.045926444530640556,10067597.693488723
2019-10-23 15:30:00,0.03113061489960496,0.043364871880315035,0.034947503857525014,0.031842527393482145,0.10996699334220045,0.08164569754854903,0.07846266166018609,0.08533346119646384,0.03279957158297421,0.041967716962813165,0.04709571130363616,0.061085928448553935,0.051405713596270004,0.044125945869047487,0.06199167163021995,0.04884711006406418,0.035665395415354344,0.03239445881809931,0.045926444530640556,10063084.057714459
2019-10-24 10:30:00,0.03014348394015725,0.04323794660443463,0.03547428393292994,0.032872044344835503,0.11322944886139588,0.07552983624007321,0.0700665735798508,0.08349140886868789,0.032584002909232614,0.04486523851447895,0.04831333533825185,0.061689155200308196,0.05215952079810141,0.045066347928581614,0.061581616189682706,0.05480187564596881,0.03519702461675526,0.032220148938794435,0.04747670754747894,10069490.173736328
2019-10-24 11:30:00,0.03014348394015725,0.04323794660443463,0.03547428393292994,0.032872044344835503,0.11322944886139588,0.07552983624007321,0.0700665735798508,0.08349140886868789,0.032584002909232614,0.04486523851447895,0.04831333533825185,0.061689155200308196,0.05215952079810141,0.045066347928581614,0.061581616189682706,0.05480187564596881,0.03519702461675526,0.032220148938794435,0.04747670754747894,10066267.190693174
2019-10-24 12:30:00,0.029591118812683483,0.04293081178842817,0.03628197236321518,0.03307008265886922,0.11655172063860875,0.07562503324726207,0.06727230153756633,0.08325680427017576,0.029426780288987448,0.04558453492163801,0.048959158208776686,0.06142916693848371,0.050854953037393444,0.0448725056396461,0.06275322712429868,0.05436855338172109,0.035673943672449505,0.03211060115827812,0.049386730311518134,10085562.10848613
2019-10-24 13:30:00,0.029591118812683483,0.04293081178842817,0.03628197236321518,0.03307008265886922,0.11655172063860875,0.07562503324726207,0.06727230153756633,0.08325680427017576,0.029426780288987448,0.04558453492163801,0.048959158208776686,0.06142916693848371,0.050854953037393444,0.0448725056396461,0.06275322712429868,0.05436855338172109,0.035673943672449505,0.03211060115827812,0.049386730311518134,10070353.317194244
2019-10-24 14:30:00,0.029591118812683483,0.04293081178842817,0.03628197236321518,0.03307008265886922,0.11655172063860875,0.07562503324726207,0.06727230153756633,0.08325680427017576,0.029426780288987448,0.04558453492163801,0.048959158208776686,0.06142916693848371,0.050854953037393444,0.0448725056396461,0.06275322712429868,0.05436855338172109,0.035673943672449505,0.03211060115827812,0.049386730311518134,10065682.297830869
2019-10-24 15:30:00,0.029591118812683483,0.04293081178842817,0.03628197236321518,0.03307008265886922,0.11655172063860875,0.07562503324726207,0.06727230153756633,0.08325680427017576,0.029426780288987448,0.04558453492163801,0.048959158208776686,0.06142916693848371,0.050854953037393444,0.0448725056396461,0.06275322712429868,0.05436855338172109,0.035673943672449505,0.03211060115827812,0.049386730311518134,10066464.105764965
2019-10-25 10:30:00,0.02822129585540634,0.04526185581668713,0.037299745951901345,0.03314299702706419,0.11818231172060562,0.07410744706890388,0.0688112939380871,0.08595240421604154,0.0330786360020224,0.04526961980092984,0.04462568166693255,0.06093420717519421,0.050920917980639434,0.04250063948223721,0.06231358210975077,0.05235605620217771,0.03446263447255736,0.0327220164151613,0.04983665709770019,10087114.754272833
2019-10-25 11:30:00,0.02822129585540634,0.04526185581668713,0.037299745951901345,0.03314299702706419,0.11818231172060562,0.07410744706890388,0.0688112939380871,0.08595240421604154,0.0330786360020224,0.04526961980092984,0.04462568166693255,0.06093420717519421,0.050920917980639434,0.04250063948223721,0.06231358210975077,0.05235605620217771,0.03446263447255736,0.0327220164151613,0.04983665709770019,10081038.61012564
2019-10-25 12:30:00,0.026092525920347852,0.048865822070697805,0.03678976767625461,0.03302523032052646,0.12406144579511665,0.07504600706942562,0.06746438513389592,0.08985635724066443,0.02964390647754341,0.043597444928272805,0.04329153776988073,0.06298166143311003,0.05133296317358249,0.04109063502158504,0.061311982178154666,0.047059928163732646,0.03500771551587031,0.034184679484685856,0.04929600462665265,10115905.758801144
2019-10-25 13:30:00,0.026092525920347852,0.048865822070697805,0.03678976767625461,0.03302523032052646,0.12406144579511665,0.07504600706942562,0.06746438513389592,0.08985635724066443,0.02964390647754341,0.043597444928272805,0.04329153776988073,0.06298166143311003,0.05133296317358249,0.04109063502158504,0.061311982178154666,0.047059928163732646,0.03500771551587031,0.034184679484685856,0.04929600462665265,10113005.120932551
2019-10-25 14:30:00,0.026092525920347852,0.048865822070697805,0.03678976767625461,0.03302523032052646,0.12406144579511665,0.07504600706942562,0.06746438513389592,0.08985635724066443,0.02964390647754341,0.043597444928272805,0.04329153776988073,0.06298166143311003,0.05133296317358249,0.04109063502158504,0.061311982178154666,0.047059928163732646,0.03500771551587031,0.034184679484685856,0.04929600462665265,10114214.857488923
2019-10-25 15:30:00,0.026092525920347852,0.048865822070697805,0.03678976767625461,0.03302523032052646,0.12406144579511665,0.07504600706942562,0.06746438513389592,0.08985635724066443,0.02964390647754341,0.043597444928272805,0.04329153776988073,0.06298166143311003,0.05133296317358249,0.04109063502158504,0.061311982178154666,0.047059928163732646,0.03500771551587031,0.034184679484685856,0.04929600462665265,10101915.538625047
2019-10-28 10:30:00,0.026092525920347852,0.048865822070697805,0.03678976767625461,0.03302523032052646,0.12406144579511665,0.07504600706942562,0.06746438513389592,0.08985635724066443,0.02964390647754341,0.043597444928272805,0.04329153776988073,0.06298166143311003,0.05133296317358249,0.04109063502158504,0.061311982178154666,0.047059928163732646,0.03500771551587031,0.034184679484685856,0.04929600462665265,10104630.402061833
2019-10-28 11:30:00,0.025605774914878,0.0467788522528526,0.03441257936795397,0.03416463474521856,0.1285514388816185,0.07341866766940884,0.07207167597200519,0.08967624238850695,0.026360497341963766,0.04091621326027938,0.04291985016394231,0.06304995179658365,0.05047081284529419,0.04109961695398817,0.06320900036087097,0.04650187268979094,0.034118301985380996,0.034258713266808384,0.05241530314265432,10119003.64166815
2019-10-28 12:30:00,0.025605774914878,0.0467788522528526,0.03441257936795397,0.03416463474521856,0.1285514388816185,0.07341866766940884,0.07207167597200519,0.08967624238850695,0.026360497341963766,0.04091621326027938,0.04291985016394231,0.06304995179658365,0.05047081284529419,0.04109961695398817,0.06320900036087097,0.04650187268979094,0.034118301985380996,0.034258713266808384,0.05241530314265432,10121292.082744645
2019-10-28 13:30:00,0.025605774914878,0.0467788522528526,0.03441257936795397,0.03416463474521856,0.1285514388816185,0.07341866766940884,0.07207167597200519,0.08967624238850695,0.026360497341963766,0.04091621326027938,0.04291985016394231,0.06304995179658365,0.05047081284529419,0.04109961695398817,0.06320900036087097,0.04650187268979094,0.034118301985380996,0.034258713266808384,0.05241530314265432,10118732.251871169
2019-10-28 14:30:00,0.025605774914878,0.0467788522528526,0.03441257936795397,0.03416463474521856,0.1285514388816185,0.07341866766940884,0.07207167597200519,0.08967624238850695,0.026360497341963766,0.04091621326027938,0.04291985016394231,0.06304995179658365,0.05047081284529419,0.04109961695398817,0.06320900036087097,0.04650187268979094,0.034118301985380996,0.034258713266808384,0.05241530314265432,10121197.507393911
2019-10-28 15:30:00,0.025605774914878,0.0467788522528526,0.03441257936795397,0.03416463474521856,0.1285514388816185,0.07341866766940884,0.07207167597200519,0.08967624238850695,0.026360497341963766,0.04091621326027938,0.04291985016394231,0.06304995179658365,0.05047081284529419,0.04109961695398817,0.06320900036087097,0.04650187268979094,0.034118301985380996,0.034258713266808384,0.05241530314265432,10123419.119155124
2019-10-29 10:30:00,0.025605774914878,0.0467788522528526,0.03441257936795397,0.03416463474521856,0.1285514388816185,0.07341866766940884,0.07207167597200519,0.08967624238850695,0.026360497341963766,0.04091621326027938,0.04291985016394231,0.06304995179658365,0.05047081284529419,0.04109961695398817,0.06320900036087097,0.04650187268979094,0.034118301985380996,0.034258713266808384,0.05241530314265432,10122185.568208616
2019-10-29 11:30:00,0.026408448050651415,0.04650379732425721,0.03747354615513032,0.03501275790770522,0.1290425208953435,0.07060465866150309,0.06723734204162217,0.08574161381845521,0.026900285005921287,0.04128650288957753,0.04268468193349722,0.060351699756834416,0.05395155208761651,0.041744023496564316,0.06546869443875308,0.04741524913467898,0.032901007017981314,0.036136790394925136,0.05313482898898204,10139925.329674149
2019-10-29 12:30:00,0.023778733464759765,0.04499690208844646,0.03883446658973451,0.03772706448597616,0.12686943362354328,0.06888186008106482,0.07315990371138804,0.07869719954317152,0.029789325720938186,0.04275490282794809,0.04132326846907252,0.06238471393967647,0.05343584758246203,0.0407139474819636,0.06291195956257835,0.048470164644323875,0.03352266922327954,0.03696509972118507,0.054782537238487514,10161068.680589715
2019-10-29 13:30:00,0.023778733464759765,0.04499690208844646,0.03883446658973451,0.03772706448597616,0.12686943362354328,0.06888186008106482,0.07315990371138804,0.07869719954317152,0.029789325720938186,0.04275490282794809,0.04132326846907252,0.06238471393967647,0.05343584758246203,0.0407139474819636,0.06291195956257835,0.048470164644323875,0.03352266922327954,0.03696509972118507,0.054782537238487514,10156302.726633592
2019-10-29 14:30:00,0.023778733464759765,0.04499690208844646,0.03883446658973451,0.03772706448597616,0.12686943362354328,0.06888186008106482,0.07315990371138804,0.07869719954317152,0.029789325720938186,0.04275490282794809,0.04132326846907252,0.06238471393967647,0.05343584758246203,0.0407139474819636,0.06291195956257835,0.048470164644323875,0.03352266922327954,0.03696509972118507,0.054782537238487514,10152706.934080653
2019-10-29 15:30:00,0.023778733464759765,0.04499690208844646,0.03883446658973451,0.03772706448597616,0.12686943362354328,0.06888186008106482,0.07315990371138804,0.07869719954317152,0.029789325720938186,0.04275490282794809,0.04132326846907252,0.06238471393967647,0.05343584758246203,0.0407139474819636,0.06291195956257835,0.048470164644323875,0.03352266922327954,0.03696509972118507,0.054782537238487514,10140115.976916218
2019-10-30 10:30:00,0.023778733464759765,0.04499690208844646,0.03883446658973451,0.03772706448597616,0.12686943362354328,0.06888186008106482,0.07315990371138804,0.07869719954317152,0.029789325720938186,0.04275490282794809,0.04132326846907252,0.06238471393967647,0.05343584758246203,0.0407139474819636,0.06291195956257835,0.048470164644323875,0.03352266922327954,0.03696509972118507,0.054782537238487514,10140254.450752908
2019-10-30 11:30:00,0.023778733464759765,0.04499690208844646,0.03883446658973451,0.03772706448597616,0.12686943362354328,0.06888186008106482,0.07315990371138804,0.07869719954317152,0.029789325720938186,0.04275490282794809,0.04132326846907252,0.06238471393967647,0.05343584758246203,0.0407139474819636,0.06291195956257835,0.048470164644323875,0.03352266922327954,0.03696509972118507,0.054782537238487514,10117298.44868634
2019-10-30 12:30:00,0.023778733464759765,0.04499690208844646,0.03883446658973451,0.03772706448597616,0.12686943362354328,0.06888186008106482,0.07315990371138804,0.07869719954317152,0.029789325720938186,0.04275490282794809,0.04132326846907252,0.06238471393967647,0.05343584758246203,0.0407139474819636,0.06291195956257835,0.048470164644323875,0.03352266922327954,0.03696509972118507,0.054782537238487514,10118478.182670062
2019-10-30 13:30:00,0.022615456632434257,0.04333163962121625,0.04337724599691791,0.038563360594601845,0.1311734018275987,0.07036175731546199,0.07386026420753145,0.07929749767924427,0.02843823830990315,0.04320548901370277,0.04111998136478024,0.061391223894820324,0.053284709137499726,0.03845052482939151,0.06179656173791871,0.04842627181998109,0.0325384012380592,0.03657618354069445,0.052191791238242295,10139642.273130119
2019-10-30 14:30:00,0.022615456632434257,0.04333163962121625,0.04337724599691791,0.038563360594601845,0.1311734018275987,0.07036175731546199,0.07386026420753145,0.07929749767924427,0.02843823830990315,0.04320548901370277,0.04111998136478024,0.061391223894820324,0.053284709137499726,0.03845052482939151,0.06179656173791871,0.04842627181998109,0.0325384012380592,0.03657618354069445,0.052191791238242295,10141222.97488097
2019-10-30 15:30:00,0.022615456632434257,0.04333163962121625,0.04337724599691791,0.038563360594601845,0.1311734018275987,0.07036175731546199,0.07386026420753145,0.07929749767924427,0.02843823830990315,0.04320548901370277,0.04111998136478024,0.061391223894820324,0.053284709137499726,0.03845052482939151,0.06179656173791871,0.04842627181998109,0.0325384012380592,0.03657618354069445,0.052191791238242295,10137701.735219335
2019-10-31 10:30:00,0.022177319888632956,0.042880857133390946,0.042057884904041706,0.03868387741844797,0.135859364676557,0.06863291892346486,0.07773418192826434,0.07475883965987068,0.029509469926521363,0.04515054870552265,0.04368785909081114,0.05991932312978558,0.04937092992971155,0.0398396555593427,0.05792078450717098,0.04937053623278278,0.03311453258967963,0.037329289554333275,0.0520018262416678,10164610.245513577
2019-10-31 11:30:00,0.022177319888632956,0.042880857133390946,0.042057884904041706,0.03868387741844797,0.135859364676557,0.06863291892346486,0.07773418192826434,0.07475883965987068,0.029509469926521363,0.04515054870552265,0.04368785909081114,0.05991932312978558,0.04937092992971155,0.0398396555593427,0.05792078450717098,0.04937053623278278,0.03311453258967963,0.037329289554333275,0.0520018262416678,10108281.016510045
2019-10-31 12:30:00,0.022177319888632956,0.042880857133390946,0.042057884904041706,0.03868387741844797,0.135859364676557,0.06863291892346486,0.07773418192826434,0.07475883965987068,0.029509469926521363,0.04515054870552265,0.04368785909081114,0.05991932312978558,0.04937092992971155,0.0398396555593427,0.05792078450717098,0.04937053623278278,0.03311453258967963,0.037329289554333275,0.0520018262416678,10098327.101199765
2019-10-31 13:30:00,0.022177319888632956,0.042880857133390946,0.042057884904041706,0.03868387741844797,0.135859364676557,0.06863291892346486,0.07773418192826434,0.07475883965987068,0.029509469926521363,0.04515054870552265,0.04368785909081114,0.05991932312978558,0.04937092992971155,0.0398396555593427,0.05792078450717098,0.04937053623278278,0.03311453258967963,0.037329289554333275,0.0520018262416678,10093272.088518282
2019-10-31 14:30:00,0.023008520197967657,0.0406109119379352,0.04041019896618095,0.03878091914009699,0.13221623063912527,0.07198386708258099,0.08709865220333321,0.07044099390253908,0.029910395349074748,0.045821140993047224,0.04422021522365992,0.05945725154997924,0.05183563312742298,0.03959806810231778,0.05586195538550026,0.047916479061915096,0.03176182431923705,0.03510262728885307,0.05396411552923325,10110679.686881434
2019-10-31 15:30:00,0.023008520197967657,0.0406109119379352,0.04041019896618095,0.03878091914009699,0.13221623063912527,0.07198386708258099,0.08709865220333321,0.07044099390253908,0.029910395349074748,0.045821140993047224,0.04422021522365992,0.05945725154997924,0.05183563312742298,0.03959806810231778,0.05586195538550026,0.047916479061915096,0.03176182431923705,0.03510262728885307,0.05396411552923325,10110355.215071766
2019-11-01 10:30:00,0.023008520197967657,0.0406109119379352,0.04041019896618095,0.03878091914009699,0.13221623063912527,0.07198386708258099,0.08709865220333321,0.07044099390253908,0.029910395349074748,0.045821140993047224,0.04422021522365992,0.05945725154997924,0.05183563312742298,0.03959806810231778,0.05586195538550026,0.047916479061915096,0.03176182431923705,0.03510262728885307,0.05396411552923325,10105827.678611178
2019-11-01 11:30:00,0.022443394192245825,0.03983647241702078,0.040288217860984625,0.03540269221314607,0.13539702675425483,0.07066369036728015,0.09006449299789963,0.07026830992581114,0.0333706801937798,0.04350331272372843,0.042713913905434435,0.061922001651575846,0.05120051273960989,0.03799616505305576,0.055234680511642015,0.04701305580110053,0.03171591697918387,0.03581935967853421,0.05514610403371214,10232420.578055657
2019-11-01 12:30:00,0.022443394192245825,0.03983647241702078,0.040288217860984625,0.03540269221314607,0.13539702675425483,0.07066369036728015,0.09006449299789963,0.07026830992581114,0.0333706801937798,0.04350331272372843,0.042713913905434435,0.061922001651575846,0.05120051273960989,0.03799616505305576,0.055234680511642015,0.04701305580110053,0.03171591697918387,0.03581935967853421,0.05514610403371214,10236202.444203205
2019-11-01 13:30:00,0.022443394192245825,0.03983647241702078,0.040288217860984625,0.03540269221314607,0.13539702675425483,0.07066369036728015,0.09006449299789963,0.07026830992581114,0.0333706801937798,0.04350331272372843,0.042713913905434435,0.061922001651575846,0.05120051273960989,0.03799616505305576,0.055234680511642015,0.04701305580110053,0.03171591697918387,0.03581935967853421,0.05514610403371214,10230135.597731354
2019-11-01 14:30:00,0.02293102832961252,0.039544700178167816,0.03894109217649083,0.03422432053283179,0.14797673620143978,0.07431153199969141,0.08751292266794748,0.06963444218489459,0.03529990982826339,0.04258799018509394,0.042090786890876225,0.05936750530156977,0.051407570426274675,0.037416261402924644,0.05178654695662492,0.04546910987094632,0.03100697649071421,0.03441605225355198,0.05407451612208379,10237765.92442072
2019-11-01 15:30:00,0.023391409070457572,0.039289820164449624,0.03757775898910767,0.035534735336570665,0.14254544287124155,0.06651555751071138,0.09121473444937665,0.0691566423551706,0.03940214332289459,0.04500776924544198,0.04393649837175126,0.057921777491070574,0.05405050863118574,0.03670327907206992,0.05277782780426162,0.04527059164975398,0.029970413676100732,0.03374755712637617,0.05598553286200792,10255104.843837535
2019-11-04 10:30:00,0.023391409070457572,0.039289820164449624,0.03757775898910767,0.035534735336570665,0.14254544287124155,0.06651555751071138,0.09121473444937665,0.0691566423551706,0.03940214332289459,0.04500776924544198,0.04393649837175126,0.057921777491070574,0.05405050863118574,0.03670327907206992,0.05277782780426162,0.04527059164975398,0.029970413676100732,0.03374755712637617,0.05598553286200792,10253177.858229049
2019-11-04 11:30:00,0.02272388728033861,0.038207674621732024,0.03734159993129412,0.03466669740728567,0.1418593278759235,0.06865622695761991,0.10013575143094464,0.06741476103864022,0.04353784897946668,0.04150235300361681,0.04243999070547176,0.05824058129307887,0.052984408264976454,0.03492837355703519,0.05173651011305298,0.04252541231928849,0.029236524841497483,0.033124515278607145,0.05873755510012936,10281527.998122308
2019-11-04 12:30:00,0.021924455664251576,0.03773555028417251,0.03702967573600581,0.035583482120728004,0.14093206629480173,0.0709874993355935,0.1071890033785632,0.06752560360550036,0.04275353809984663,0.03899245740729085,0.040702969610273365,0.059497028509288535,0.05128923236369007,0.034708756587061095,0.053752619258953624,0.03871070312461284,0.02893566677198693,0.03492530031641944,0.05682439153095971,10296606.77845623
2019-11-04 13:30:00,0.021924455664251576,0.03773555028417251,0.03702967573600581,0.035583482120728004,0.14093206629480173,0.0709874993355935,0.1071890033785632,0.06752560360550036,0.04275353809984663,0.03899245740729085,0.040702969610273365,0.059497028509288535,0.05128923236369007,0.034708756587061095,0.053752619258953624,0.03871070312461284,0.02893566677198693,0.03492530031641944,0.05682439153095971,10276282.974925466
2019-11-04 14:30:00,0.021924455664251576,0.03773555028417251,0.03702967573600581,0.035583482120728004,0.14093206629480173,0.0709874993355935,0.1071890033785632,0.06752560360550036,0.04275353809984663,0.03899245740729085,0.040702969610273365,0.059497028509288535,0.05128923236369007,0.034708756587061095,0.053752619258953624,0.03871070312461284,0.02893566677198693,0.03492530031641944,0.05682439153095971,10283533.438663505
2019-11-04 15:30:00,0.021924455664251576,0.03773555028417251,0.03702967573600581,0.035583482120728004,0.14093206629480173,0.0709874993355935,0.1071890033785632,0.06752560360550036,0.04275353809984663,0.03899245740729085,0.040702969610273365,0.059497028509288535,0.05128923236369007,0.034708756587061095,0.053752619258953624,0.03871070312461284,0.02893566677198693,0.03492530031641944,0.05682439153095971,10287160.909839096
2019-11-05 10:30:00,0.021924455664251576,0.03773555028417251,0.03702967573600581,0.035583482120728004,0.14093206629480173,0.0709874993355935,0.1071890033785632,0.06752560360550036,0.04275353809984663,0.03899245740729085,0.040702969610273365,0.059497028509288535,0.05128923236369007,0.034708756587061095,0.053752619258953624,0.03871070312461284,0.02893566677198693,0.03492530031641944,0.05682439153095971,10278801.334955165
2019-11-05 11:30:00,0.024564654885406153,0.037693557220732185,0.036533043704997284,0.035394598373658895,0.14247442989907272,0.0731335865155425,0.1064442512340697,0.068875780466603,0.04255788407333363,0.03827769899550316,0.03971639613502358,0.05801905518297687,0.050413918749705876,0.03439584967230476,0.05211018765847332,0.03879602808523197,0.029225689649380607,0.03494648035340468,0.056426909144579235,10308930.271681614
2019-11-05 12:30:00,0.024564654885406153,0.037693557220732185,0.036533043704997284,0.035394598373658895,0.14247442989907272,0.0731335865155425,0.1064442512340697,0.068875780466603,0.04255788407333363,0.03827769899550316,0.03971639613502358,0.05801905518297687,0.050413918749705876,0.03439584967230476,0.05211018765847332,0.03879602808523197,0.029225689649380607,0.03494648035340468,0.056426909144579235,10309156.587282175
2019-11-05 13:30:00,0.024564654885406153,0.037693557220732185,0.036533043704997284,0.035394598373658895,0.14247442989907272,0.0731335865155425,0.1064442512340697,0.068875780466603,0.04255788407333363,0.03827769899550316,0.03971639613502358,0.05801905518297687,0.050413918749705876,0.03439584967230476,0.05211018765847332,0.03879602808523197,0.029225689649380607,0.03494648035340468,0.056426909144579235,10306865.016817186
2019-11-05 14:30:00,0.023702315255000758,0.03742402149470688,0.03694527831647524,0.034641088695414254,0.15508763958986949,0.07396963875134034,0.10087950041997074,0.06994300198948268,0.04141730119102725,0.03540483576000771,0.037598532344848126,0.060791238013741894,0.05207716967626587,0.03305784910249062,0.052881846229470675,0.0376828755404045,0.028670645407041288,0.032858188908900667,0.054967033313541205,10332715.606539577
2019-11-05 15:30:00,0.023031698281077064,0.03706380230969972,0.036386806405934495,0.03452820030590573,0.16493989054944197,0.06945121514713343,0.0961332712427299,0.06374286062185278,0.0453038203814688,0.03549900284798244,0.03764463569281474,0.05934012549784226,0.054700367538028594,0.03264192119349877,0.05328674733166584,0.03910614775341897,0.029143278108350185,0.030086118940019762,0.05797008985113459,10347212.996376257
2019-11-06 10:30:00,0.023031698281077064,0.03706380230969972,0.036386806405934495,0.03452820030590573,0.16493989054944197,0.06945121514713343,0.0961332712427299,0.06374286062185278,0.0453038203814688,0.03549900284798244,0.03764463569281474,0.05934012549784226,0.054700367538028594,0.03264192119349877,0.05328674733166584,0.03910614775341897,0.029143278108350185,0.030086118940019762,0.05797008985113459,10337203.525706405
2019-11-06 11:30:00,0.024760263474844398,0.035479077607193876,0.033936811918467105,0.035968504043459686,0.16322345733854257,0.06124998202232657,0.10252398567294776,0.06350318418180219,0.04772027728709099,0.0328270400996048,0.0390642352905083,0.05998604342653918,0.0527425352148173,0.03292987666667835,0.04981506302311163,0.03926266351116096,0.02976951199121223,0.031506564669606184,0.06373092256008604,10360279.013233405
2019-11-06 12:30:00,0.025973710982343447,0.0356536967845555,0.034031276408178046,0.03658832066089467,0.16862864587717036,0.06028280467405309,0.10037312140925851,0.06167747787756617,0.04306921956155115,0.033124677704594006,0.03826383226885746,0.05969545413129644,0.05439056928302055,0.033229511179465585,0.049578798713246705,0.03899147245633743,0.028879799071519816,0.03149020527648647,0.06607740567960478,10368671.209599871
2019-11-06 13:30:00,0.025973710982343447,0.0356536967845555,0.034031276408178046,0.03658832066089467,0.16862864587717036,0.06028280467405309,0.10037312140925851,0.06167747787756617,0.04306921956155115,0.033124677704594006,0.03826383226885746,0.05969545413129644,0.05439056928302055,0.033229511179465585,0.049578798713246705,0.03899147245633743,0.028879799071519816,0.03149020527648647,0.06607740567960478,10358389.992067102
2019-11-06 14:30:00,0.02791953163816313,0.03590528743349559,0.033887137052795224,0.03626195585408342,0.1778494288027648,0.05765136086530268,0.09509111872325278,0.06150533502558707,0.04098561845103184,0.03248775336433525,0.03973996454974036,0.0646120295566956,0.05593079437832404,0.03189137564556692,0.048707512480315796,0.03752809148223149,0.029229597713989156,0.03410047724929923,0.05871562973302571,10370746.15314519
2019-11-06 15:30:00,0.02791953163816313,0.03590528743349559,0.033887137052795224,0.03626195585408342,0.1778494288027648,0.05765136086530268,0.09509111872325278,0.06150533502558707,0.04098561845103184,0.03248775336433525,0.03973996454974036,0.0646120295566956,0.05593079437832404,0.03189137564556692,0.048707512480315796,0.03752809148223149,0.029229597713989156,0.03410047724929923,0.05871562973302571,10371645.082681827
2019-11-07 10:30:00,0.02791953163816313,0.03590528743349559,0.033887137052795224,0.03626195585408342,0.1778494288027648,0.05765136086530268,0.09509111872325278,0.06150533502558707,0.04098561845103184,0.03248775336433525,0.03973996454974036,0.0646120295566956,0.05593079437832404,0.03189137564556692,0.048707512480315796,0.03752809148223149,0.029229597713989156,0.03410047724929923,0.05871562973302571,10377168.663724294
2019-11-07 11:30:00,0.028010511402990698,0.03877940738138366,0.034780629915999436,0.03728553999023689,0.17628169619338588,0.05886814780654738,0.09833424411348644,0.06313140852983296,0.04061274024701929,0.032708091831663275,0.03674288888735959,0.06634392255379122,0.05708600320893456,0.030014044427254152,0.048261594157107165,0.03637696717233525,0.0304426951673595,0.033331011122588204,0.052608455890724486,10437836.027585572
2019-11-07 12:30:00,0.028010511402990698,0.03877940738138366,0.034780629915999436,0.03728553999023689,0.17628169619338588,0.05886814780654738,0.09833424411348644,0.06313140852983296,0.04061274024701929,0.032708091831663275,0.03674288888735959,0.06634392255379122,0.05708600320893456,0.030014044427254152,0.048261594157107165,0.03637696717233525,0.0304426951673595,0.033331011122588204,0.052608455890724486,10434533.582044784
2019-11-07 13:30:00,0.026983487426580487,0.04109480860270979,0.03534849576302546,0.03801760351338085,0.17748134774438992,0.05364591384676792,0.09640313219341408,0.059984855383882096,0.038101968291682276,0.03264654752648327,0.039517605463348336,0.06358865190899192,0.053810374824957534,0.031354428165908325,0.04854274865349705,0.03819240956313295,0.03171479027067436,0.03460268041362134,0.05896815044355197,10442547.665578844
2019-11-07 14:30:00,0.026983487426580487,0.04109480860270979,0.03534849576302546,0.03801760351338085,0.17748134774438992,0.05364591384676792,0.09640313219341408,0.059984855383882096,0.038101968291682276,0.03264654752648327,0.039517605463348336,0.06358865190899192,0.053810374824957534,0.031354428165908325,0.04854274865349705,0.03819240956313295,0.03171479027067436,0.03460268041362134,0.05896815044355197,10442034.959717091
2019-11-07 15:30:00,0.026983487426580487,0.04109480860270979,0.03534849576302546,0.03801760351338085,0.17748134774438992,0.05364591384676792,0.09640313219341408,0.059984855383882096,0.038101968291682276,0.03264654752648327,0.039517605463348336,0.06358865190899192,0.053810374824957534,0.031354428165908325,0.04854274865349705,0.03819240956313295,0.03171479027067436,0.03460268041362134,0.05896815044355197,10435940.961661287
2019-11-08 10:30:00,0.026983487426580487,0.04109480860270979,0.03534849576302546,0.03801760351338085,0.17748134774438992,0.05364591384676792,0.09640313219341408,0.059984855383882096,0.038101968291682276,0.03264654752648327,0.039517605463348336,0.06358865190899192,0.053810374824957534,0.031354428165908325,0.04854274865349705,0.03819240956313295,0.03171479027067436,0.03460268041362134,0.05896815044355197,10425624.465324415
2019-11-08 11:30:00,0.026983487426580487,0.04109480860270979,0.03534849576302546,0.03801760351338085,0.17748134774438992,0.05364591384676792,0.09640313219341408,0.059984855383882096,0.038101968291682276,0.03264654752648327,0.039517605463348336,0.06358865190899192,0.053810374824957534,0.031354428165908325,0.04854274865349705,0.03819240956313295,0.03171479027067436,0.03460268041362134,0.05896815044355197,10418092.400027612
2019-11-08 12:30:00,0.026983487426580487,0.04109480860270979,0.03534849576302546,0.03801760351338085,0.17748134774438992,0.05364591384676792,0.09640313219341408,0.059984855383882096,0.038101968291682276,0.03264654752648327,0.039517605463348336,0.06358865190899192,0.053810374824957534,0.031354428165908325,0.04854274865349705,0.03819240956313295,0.03171479027067436,0.03460268041362134,0.05896815044355197,10388815.400789127
2019-11-08 13:30:00,0.02763486495429186,0.04328369145588157,0.03542316271734377,0.03529996172272949,0.18924884145391604,0.0509707841332044,0.10435983252133318,0.057593495008182796,0.03466289641574103,0.032542582879914544,0.04022197863696075,0.06079834378901501,0.05407694958425649,0.030475603329166465,0.0513714488104892,0.038300535948355544,0.02922966434937491,0.03344058603232528,0.051064776257517874,10398669.91565093
2019-11-08 14:30:00,0.02652839612776187,0.0402380370368004,0.03873010485139327,0.03678470948142716,0.19791840355152202,0.046179659452184316,0.10624607765907247,0.055003830662967206,0.03329935436095563,0.031152221967648414,0.03952367959200664,0.05846960278794342,0.0528394156563975,0.03015751930962741,0.053072313524495776,0.0379469881029112,0.028868709794260955,0.03283602672548475,0.0542049493551396,10406839.296988407
2019-11-08 15:30:00,0.02652839612776187,0.0402380370368004,0.03873010485139327,0.03678470948142716,0.19791840355152202,0.046179659452184316,0.10624607765907247,0.055003830662967206,0.03329935436095563,0.031152221967648414,0.03952367959200664,0.05846960278794342,0.0528394156563975,0.03015751930962741,0.053072313524495776,0.0379469881029112,0.028868709794260955,0.03283602672548475,0.0542049493551396,10399849.57026276
2019-11-11 10:30:00,0.03053015262733928,0.04373000428191824,0.04159057981221636,0.04209048918299291,0.19687214942322512,0.050829095999764325,0.09750759472108741,0.054095920925646385,0.03073907636033465,0.02927287127596526,0.03834633383964727,0.062061364040095345,0.05154822825663053,0.02827112058591945,0.05194137119840333,0.038148621762918465,0.027442267856636282,0.03387714245641163,0.05110561539284774,10410117.168268899
2019-11-11 11:30:00,0.03053015262733928,0.04373000428191824,0.04159057981221636,0.04209048918299291,0.19687214942322512,0.050829095999764325,0.09750759472108741,0.054095920925646385,0.03073907636033465,0.02927287127596526,0.03834633383964727,0.062061364040095345,0.05154822825663053,0.02827112058591945,0.05194137119840333,0.038148621762918465,0.027442267856636282,0.03387714245641163,0.05110561539284774,10388999.23066895
2019-11-11 12:30:00,0.03053015262733928,0.04373000428191824,0.04159057981221636,0.04209048918299291,0.19687214942322512,0.050829095999764325,0.09750759472108741,0.054095920925646385,0.03073907636033465,0.02927287127596526,0.03834633383964727,0.062061364040095345,0.05154822825663053,0.02827112058591945,0.05194137119840333,0.038148621762918465,0.027442267856636282,0.03387714245641163,0.05110561539284774,10383159.42596016
2019-11-11 13:30:00,0.03053015262733928,0.04373000428191824,0.04159057981221636,0.04209048918299291,0.19687214942322512,0.050829095999764325,0.09750759472108741,0.054095920925646385,0.03073907636033465,0.02927287127596526,0.03834633383964727,0.062061364040095345,0.05154822825663053,0.02827112058591945,0.05194137119840333,0.038148621762918465,0.027442267856636282,0.03387714245641163,0.05110561539284774,10388576.954476759
2019-11-11 14:30:00,0.03053015262733928,0.04373000428191824,0.04159057981221636,0.04209048918299291,0.19687214942322512,0.050829095999764325,0.09750759472108741,0.054095920925646385,0.03073907636033465,0.02927287127596526,0.03834633383964727,0.062061364040095345,0.05154822825663053,0.02827112058591945,0.05194137119840333,0.038148621762918465,0.027442267856636282,0.03387714245641163,0.05110561539284774,10391130.757353269
2019-11-11 15:30:00,0.03053015262733928,0.04373000428191824,0.04159057981221636,0.04209048918299291,0.19687214942322512,0.050829095999764325,0.09750759472108741,0.054095920925646385,0.03073907636033465,0.02927287127596526,0.03834633383964727,0.062061364040095345,0.05154822825663053,0.02827112058591945,0.05194137119840333,0.038148621762918465,0.027442267856636282,0.03387714245641163,0.05110561539284774,10390109.056783618
2019-11-12 10:30:00,0.03053015262733928,0.04373000428191824,0.04159057981221636,0.04209048918299291,0.19687214942322512,0.050829095999764325,0.09750759472108741,0.054095920925646385,0.03073907636033465,0.02927287127596526,0.03834633383964727,0.062061364040095345,0.05154822825663053,0.02827112058591945,0.05194137119840333,0.038148621762918465,0.027442267856636282,0.03387714245641163,0.05110561539284774,10384564.539659686
2019-11-12 11:30:00,0.030617356107447213,0.04263233204995841,0.04314724544424724,0.04073966212242077,0.21075281474967306,0.0481716528224066,0.096196570505129,0.05277083618960837,0.03062891007413985,0.029254215596098244,0.038708386276452414,0.061680926834921816,0.0477268959808273,0.026498090743394306,0.0507350942204806,0.035299046462465955,0.027177287082095224,0.030175349306275752,0.05708732743195806,10407172.641948964
2019-11-12 12:30:00,0.030617356107447213,0.04263233204995841,0.04314724544424724,0.04073966212242077,0.21075281474967306,0.0481716528224066,0.096196570505129,0.05277083618960837,0.03062891007413985,0.029254215596098244,0.038708386276452414,0.061680926834921816,0.0477268959808273,0.026498090743394306,0.0507350942204806,0.035299046462465955,0.027177287082095224,0.030175349306275752,0.05708732743195806,10408195.83444311
2019-11-12 13:30:00,0.030617356107447213,0.04263233204995841,0.04314724544424724,0.04073966212242077,0.21075281474967306,0.0481716528224066,0.096196570505129,0.05277083618960837,0.03062891007413985,0.029254215596098244,0.038708386276452414,0.061680926834921816,0.0477268959808273,0.026498090743394306,0.0507350942204806,0.035299046462465955,0.027177287082095224,0.030175349306275752,0.05708732743195806,10399760.448339365
2019-11-12 14:30:00,0.03185315081506448,0.0423154838424383,0.0429004247329357,0.04196661731531407,0.21270051650725255,0.04851121948340253,0.09745270317539881,0.05245099210211717,0.02778603865303753,0.028999412899915634,0.0396064721761753,0.06025236571521341,0.04827722074291593,0.02673375419703859,0.05210578715907047,0.03584692669931599,0.027132879829731397,0.030269467812685864,0.05283856614097629,10409878.042919125
2019-11-12 15:30:00,0.03185315081506448,0.0423154838424383,0.0429004247329357,0.04196661731531407,0.21270051650725255,0.04851121948340253,0.09745270317539881,0.05245099210211717,0.02778603865303753,0.028999412899915634,0.0396064721761753,0.06025236571521341,0.04827722074291593,0.02673375419703859,0.05210578715907047,0.03584692669931599,0.027132879829731397,0.030269467812685864,0.05283856614097629,10397036.305797461
2019-11-13 10:30:00,0.03185315081506448,0.0423154838424383,0.0429004247329357,0.04196661731531407,0.21270051650725255,0.04851121948340253,0.09745270317539881,0.05245099210211717,0.02778603865303753,0.028999412899915634,0.0396064721761753,0.06025236571521341,0.04827722074291593,0.02673375419703859,0.05210578715907047,0.03584692669931599,0.027132879829731397,0.030269467812685864,0.05283856614097629,10388304.5445896
2019-11-13 11:30:00,0.03185315081506448,0.0423154838424383,0.0429004247329357,0.04196661731531407,0.21270051650725255,0.04851121948340253,0.09745270317539881,0.05245099210211717,0.02778603865303753,0.028999412899915634,0.0396064721761753,0.06025236571521341,0.04827722074291593,0.02673375419703859,0.05210578715907047,0.03584692669931599,0.027132879829731397,0.030269467812685864,0.05283856614097629,10382211.416418465
2019-11-13 12:30:00,0.03156258726549469,0.041952939954403794,0.04772711447953798,0.04143543414234356,0.2081066578986757,0.04828208101204386,0.09945330744130014,0.05262902343870422,0.026714014591076828,0.029077807777615674,0.039936719638578165,0.05996969590440976,0.04830014358528441,0.02709127960392882,0.051930268971404264,0.035940587591488625,0.027198874174606858,0.030144749382347465,0.052546713146755256,10388744.78789436
2019-11-13 13:30:00,0.03196093053097902,0.04429225875161807,0.046176572939513764,0.04207968823947855,0.21164540554052733,0.050984116589796076,0.09245006059217482,0.054992581046542685,0.026724044530635663,0.028735117990032973,0.039812404974705146,0.06090609741371942,0.048818249588307085,0.026400732370200373,0.05207955061144699,0.03597025572293811,0.02847036266872612,0.030044345654320626,0.047457224244337265,10401521.89158307
2019-11-13 14:30:00,0.03196093053097902,0.04429225875161807,0.046176572939513764,0.04207968823947855,0.21164540554052733,0.050984116589796076,0.09245006059217482,0.054992581046542685,0.026724044530635663,0.028735117990032973,0.039812404974705146,0.06090609741371942,0.048818249588307085,0.026400732370200373,0.05207955061144699,0.03597025572293811,0.02847036266872612,0.030044345654320626,0.047457224244337265,10393411.889854059
2019-11-13 15:30:00,0.03196093053097902,0.04429225875161807,0.046176572939513764,0.04207968823947855,0.21164540554052733,0.050984116589796076,0.09245006059217482,0.054992581046542685,0.026724044530635663,0.028735117990032973,0.039812404974705146,0.06090609741371942,0.048818249588307085,0.026400732370200373,0.05207955061144699,0.03597025572293811,0.02847036266872612,0.030044345654320626,0.047457224244337265,10392203.205334835
2019-11-14 10:30:00,0.031123631818416847,0.04446067402785787,0.04126286541988165,0.04189764320887977,0.2142967342078689,0.05106597990398418,0.0948258901220955,0.05413533116745671,0.026358683390061928,0.028333843333013427,0.040765684150708775,0.05965788907831211,0.046160894613094965,0.026512087124130248,0.05331943278809853,0.03566192223009403,0.030777435405569722,0.03059011736108151,0.048793260649393225,10397748.934879253
2019-11-14 11:30:00,0.031123631818416847,0.04446067402785787,0.04126286541988165,0.04189764320887977,0.2142967342078689,0.05106597990398418,0.0948258901220955,0.05413533116745671,0.026358683390061928,0.028333843333013427,0.040765684150708775,0.05965788907831211,0.046160894613094965,0.026512087124130248,0.05331943278809853,0.03566192223009403,0.030777435405569722,0.03059011736108151,0.048793260649393225,10394405.201252276
2019-11-14 12:30:00,0.031123631818416847,0.04446067402785787,0.04126286541988165,0.04189764320887977,0.2142967342078689,0.05106597990398418,0.0948258901220955,0.05413533116745671,0.026358683390061928,0.028333843333013427,0.040765684150708775,0.05965788907831211,0.046160894613094965,0.026512087124130248,0.05331943278809853,0.03566192223009403,0.030777435405569722,0.03059011736108151,0.048793260649393225,10389147.232067125
2019-11-14 13:30:00,0.031123631818416847,0.04446067402785787,0.04126286541988165,0.04189764320887977,0.2142967342078689,0.05106597990398418,0.0948258901220955,0.05413533116745671,0.026358683390061928,0.028333843333013427,0.040765684150708775,0.05965788907831211,0.046160894613094965,0.026512087124130248,0.05331943278809853,0.03566192223009403,0.030777435405569722,0.03059011736108151,0.048793260649393225,10375115.403478317
2019-11-14 14:30:00,0.031123631818416847,0.04446067402785787,0.04126286541988165,0.04189764320887977,0.2142967342078689,0.05106597990398418,0.0948258901220955,0.05413533116745671,0.026358683390061928,0.028333843333013427,0.040765684150708775,0.05965788907831211,0.046160894613094965,0.026512087124130248,0.05331943278809853,0.03566192223009403,0.030777435405569722,0.03059011736108151,0.048793260649393225,10367640.355258757
2019-11-14 15:30:00,0.031123631818416847,0.04446067402785787,0.04126286541988165,0.04189764320887977,0.2142967342078689,0.05106597990398418,0.0948258901220955,0.05413533116745671,0.026358683390061928,0.028333843333013427,0.040765684150708775,0.05965788907831211,0.046160894613094965,0.026512087124130248,0.05331943278809853,0.03566192223009403,0.030777435405569722,0.03059011736108151,0.048793260649393225,10364473.38727624
2019-11-15 10:30:00,0.0316769708430131,0.04202646527052676,0.0422585015888713,0.04148914794439766,0.22167696194159878,0.04987611608973389,0.09268531053144047,0.054673930571604044,0.024179653736686423,0.02655734121940244,0.03930183613143487,0.06505525662651322,0.046902950990418225,0.02518117418125535,0.04887731141133318,0.034296009228350646,0.02957268627215977,0.030088136884465936,0.05362423853679422,10372964.21661025
2019-11-15 11:30:00,0.032389832948893645,0.04396832112250892,0.04550958020434274,0.04102416049082355,0.22056481860142313,0.050982788089817925,0.09267478571870189,0.05637415161744918,0.022540474066798013,0.025455889828543944,0.04051738487834603,0.06353843353403991,0.04818663702385117,0.02579274750727609,0.050688198942669155,0.0351532775187023,0.02913524349935381,0.028341405874240052,0.047161868532218584,10393650.10891475
2019-11-15 12:30:00,0.03222873275899609,0.044812807110834865,0.04523580437510962,0.04125412629592407,0.2199023143338799,0.05191380263202946,0.0936719912238426,0.05545423194377868,0.020221776953885957,0.025640344363850077,0.03999197969758591,0.06445243343755126,0.047416675267620396,0.025725626096068654,0.05100798273069359,0.03532540837792005,0.027832884834320535,0.02927093667681597,0.048640140889292256,10401591.203175284
2019-11-15 13:30:00,0.03222873275899609,0.044812807110834865,0.04523580437510962,0.04125412629592407,0.2199023143338799,0.05191380263202946,0.0936719912238426,0.05545423194377868,0.020221776953885957,0.025640344363850077,0.03999197969758591,0.06445243343755126,0.047416675267620396,0.025725626096068654,0.05100798273069359,0.03532540837792005,0.027832884834320535,0.02927093667681597,0.048640140889292256,10396587.166613143
2019-11-15 14:30:00,0.03222873275899609,0.044812807110834865,0.04523580437510962,0.04125412629592407,0.2199023143338799,0.05191380263202946,0.0936719912238426,0.05545423194377868,0.020221776953885957,0.025640344363850077,0.03999197969758591,0.06445243343755126,0.047416675267620396,0.025725626096068654,0.05100798273069359,0.03532540837792005,0.027832884834320535,0.02927093667681597,0.048640140889292256,10392374.474864189
2019-11-15 15:30:00,0.03165151630355192,0.04454030476287602,0.04488291940749224,0.041108003776229654,0.21807280332413775,0.05135238706686763,0.10435955260488523,0.05481907989040245,0.018438293640578692,0.02560228769828903,0.039603234327715856,0.06370049921599079,0.04609636382689281,0.025716657429176018,0.050409891973965386,0.03499042938342947,0.026557564580707467,0.02966593216125942,0.04843227862555184,10409100.89775424
2019-11-20 10:30:00,0.03165151630355192,0.04454030476287602,0.04488291940749224,0.041108003776229654,0.21807280332413775,0.05135238706686763,0.10435955260488523,0.05481907989040245,0.018438293640578692,0.02560228769828903,0.039603234327715856,0.06370049921599079,0.04609636382689281,0.025716657429176018,0.050409891973965386,0.03499042938342947,0.026557564580707467,0.02966593216125942,0.04843227862555184,10415874.503508406
2019-11-20 11:30:00,0.03148535927015397,0.04883657547647438,0.04241104012987467,0.038912710336657295,0.19972015984973704,0.05826555850895772,0.10949958648943021,0.058482622531014355,0.02017418367799503,0.02722233945015729,0.03811680298223413,0.06348915895101577,0.05214285321308836,0.024339020254363204,0.0502291863637789,0.0349732257071563,0.025416676899864557,0.02969730494157639,0.04658563496647028,10432472.86019034
2019-11-20 12:30:00,0.03148535927015397,0.04883657547647438,0.04241104012987467,0.038912710336657295,0.19972015984973704,0.05826555850895772,0.10949958648943021,0.058482622531014355,0.02017418367799503,0.02722233945015729,0.03811680298223413,0.06348915895101577,0.05214285321308836,0.024339020254363204,0.0502291863637789,0.0349732257071563,0.025416676899864557,0.02969730494157639,0.04658563496647028,10422574.847344154
2019-11-20 13:30:00,0.03148535927015397,0.04883657547647438,0.04241104012987467,0.038912710336657295,0.19972015984973704,0.05826555850895772,0.10949958648943021,0.058482622531014355,0.02017418367799503,0.02722233945015729,0.03811680298223413,0.06348915895101577,0.05214285321308836,0.024339020254363204,0.0502291863637789,0.0349732257071563,0.025416676899864557,0.02969730494157639,0.04658563496647028,10414310.360177625
