,HIG_open,AFL_open,DOX_open,BCE_open,BRK.B_open,BK_open,CI_open,JPM_open,DD_open,CL_open,KO_open,HON_open,L_open,PEP_open,RSG_open,PG_open,WMT_open,SYY_open,WU_open,Values
2019-09-26 10:30:00,0.05635570186488945,0.04992312591644403,0.05635570186488945,0.04992312591644403,0.04992312591644403,0.04992312591644403,0.04992312591644403,0.04992312591644403,0.04992312591644403,0.05635570186488945,0.04992312591644403,0.04992312591644403,0.04992312591644403,0.05635570186488945,0.05635570186488945,0.05635570186488945,0.04992312591644403,0.05635570186488945,0.05635570186488945,10000000.0
2019-09-26 11:30:00,0.05635570186488945,0.04992312591644403,0.05635570186488945,0.04992312591644403,0.04992312591644403,0.04992312591644403,0.04992312591644403,0.04992312591644403,0.04992312591644403,0.05635570186488945,0.04992312591644403,0.04992312591644403,0.04992312591644403,0.05635570186488945,0.05635570186488945,0.05635570186488945,0.04992312591644403,0.05635570186488945,0.05635570186488945,9982119.08345577
2019-09-26 12:30:00,0.05949423549278113,0.05270341973434159,0.05949423549278113,0.05270341973434159,0.05270341973434159,0.04668772409103768,0.04668772409103768,0.04668772409103768,0.04668772409103768,0.05949423549278113,0.05270341973434159,0.04668772409103768,0.04668772409103768,0.05270341973434159,0.05949423549278113,0.05949423549278113,0.04668772409103768,0.05270341973434159,0.05949423549278113,10003416.124071617
2019-09-26 13:30:00,0.05949423549278113,0.05270341973434159,0.05949423549278113,0.05270341973434159,0.05270341973434159,0.04668772409103768,0.04668772409103768,0.04668772409103768,0.04668772409103768,0.05949423549278113,0.05270341973434159,0.04668772409103768,0.04668772409103768,0.05270341973434159,0.05949423549278113,0.05949423549278113,0.04668772409103768,0.05270341973434159,0.05949423549278113,9995861.41314526
2019-09-26 14:30:00,0.05618537453898843,0.049772240162978404,0.0634248388609701,0.049772240162978404,0.05618537453898843,0.049772240162978404,0.0440911164367545,0.0440911164367545,0.049772240162978404,0.05618537453898843,0.05618537453898843,0.049772240162978404,0.049772240162978404,0.05618537453898843,0.05618537453898843,0.05618537453898843,0.0440911164367545,0.05618537453898843,0.05618537453898843,10017722.062211538
2019-09-26 15:30:00,0.05618537453898843,0.049772240162978404,0.0634248388609701,0.049772240162978404,0.05618537453898843,0.049772240162978404,0.0440911164367545,0.0440911164367545,0.049772240162978404,0.05618537453898843,0.05618537453898843,0.049772240162978404,0.049772240162978404,0.05618537453898843,0.05618537453898843,0.05618537453898843,0.0440911164367545,0.05618537453898843,0.05618537453898843,10012021.495963832
2019-09-27 10:30:00,0.05618537453898843,0.049772240162978404,0.0634248388609701,0.049772240162978404,0.05618537453898843,0.049772240162978404,0.0440911164367545,0.0440911164367545,0.049772240162978404,0.05618537453898843,0.05618537453898843,0.049772240162978404,0.049772240162978404,0.05618537453898843,0.05618537453898843,0.05618537453898843,0.0440911164367545,0.05618537453898843,0.05618537453898843,9987847.940157885
2019-09-27 11:30:00,0.05547385200446931,0.05547385200446931,0.06262163691619159,0.04914193252936314,0.05547385200446931,0.05547385200446931,0.04353275363906438,0.04353275363906438,0.04914193252936314,0.05547385200446931,0.05547385200446931,0.04914193252936314,0.04914193252936314,0.05547385200446931,0.05547385200446931,0.05547385200446931,0.04353275363906438,0.05547385200446931,0.05547385200446931,10011802.381260037
2019-09-27 12:30:00,0.05547385200446931,0.05547385200446931,0.06262163691619159,0.04914193252936314,0.05547385200446931,0.05547385200446931,0.04353275363906438,0.04353275363906438,0.04914193252936314,0.05547385200446931,0.05547385200446931,0.04914193252936314,0.04914193252936314,0.05547385200446931,0.05547385200446931,0.05547385200446931,0.04353275363906438,0.05547385200446931,0.05547385200446931,9973429.147204364
2019-09-27 13:30:00,0.05547385200446931,0.05547385200446931,0.06262163691619159,0.04914193252936314,0.05547385200446931,0.05547385200446931,0.04353275363906438,0.04353275363906438,0.04914193252936314,0.05547385200446931,0.05547385200446931,0.04914193252936314,0.04914193252936314,0.05547385200446931,0.05547385200446931,0.05547385200446931,0.04353275363906438,0.05547385200446931,0.05547385200446931,9963495.569022568
2019-09-27 14:30:00,0.05547385200446931,0.05547385200446931,0.06262163691619159,0.04914193252936314,0.05547385200446931,0.05547385200446931,0.04353275363906438,0.04353275363906438,0.04914193252936314,0.05547385200446931,0.05547385200446931,0.04914193252936314,0.04914193252936314,0.05547385200446931,0.05547385200446931,0.05547385200446931,0.04353275363906438,0.05547385200446931,0.05547385200446931,9949092.538620822
2019-09-27 15:30:00,0.05582734626553152,0.05582734626553152,0.06302067877948984,0.04945507810153717,0.05582734626553152,0.04945507810153717,0.04381015601916959,0.04381015601916959,0.04945507810153717,0.05582734626553152,0.05582734626553152,0.04945507810153717,0.04945507810153717,0.05582734626553152,0.05582734626553152,0.05582734626553152,0.04381015601916959,0.05582734626553152,0.05582734626553152,9950187.145676406
2019-09-30 10:30:00,0.056506394356651356,0.056506394356651356,0.0637872219610831,0.044343034703300185,0.05005661800317073,0.05005661800317073,0.044343034703300185,0.044343034703300185,0.05005661800317073,0.056506394356651356,0.056506394356651356,0.05005661800317073,0.05005661800317073,0.056506394356651356,0.056506394356651356,0.056506394356651356,0.044343034703300185,0.056506394356651356,0.056506394356651356,10019740.523520973
2019-09-30 11:30:00,0.05762132840077779,0.05104429078217186,0.06504581483635634,0.04521797212540045,0.05104429078217186,0.05104429078217186,0.04521797212540045,0.04521797212540045,0.05104429078217186,0.05104429078217186,0.05762132840077779,0.05104429078217186,0.05104429078217186,0.05762132840077779,0.05762132840077779,0.05104429078217186,0.04521797212540045,0.05762132840077779,0.05762132840077779,10051068.974393785
2019-09-30 12:30:00,0.0628077572646129,0.049287989292725994,0.07090051310350699,0.049287989292725994,0.049287989292725994,0.05563872812671381,0.04366213913062995,0.04366213913062995,0.049287989292725994,0.049287989292725994,0.05563872812671381,0.049287989292725994,0.049287989292725994,0.05563872812671381,0.05563872812671381,0.049287989292725994,0.04366213913062995,0.05563872812671381,0.0628077572646129,10064617.606964352
2019-09-30 13:30:00,0.0628077572646129,0.049287989292725994,0.07090051310350699,0.049287989292725994,0.049287989292725994,0.05563872812671381,0.04366213913062995,0.04366213913062995,0.049287989292725994,0.049287989292725994,0.05563872812671381,0.049287989292725994,0.049287989292725994,0.05563872812671381,0.05563872812671381,0.049287989292725994,0.04366213913062995,0.05563872812671381,0.0628077572646129,10059593.693971979
2019-09-30 14:30:00,0.0628077572646129,0.049287989292725994,0.07090051310350699,0.049287989292725994,0.049287989292725994,0.05563872812671381,0.04366213913062995,0.04366213913062995,0.049287989292725994,0.049287989292725994,0.05563872812671381,0.049287989292725994,0.049287989292725994,0.05563872812671381,0.05563872812671381,0.049287989292725994,0.04366213913062995,0.05563872812671381,0.0628077572646129,10045761.382734576
2019-09-30 15:30:00,0.0628077572646129,0.049287989292725994,0.07090051310350699,0.049287989292725994,0.049287989292725994,0.05563872812671381,0.04366213913062995,0.04366213913062995,0.049287989292725994,0.049287989292725994,0.05563872812671381,0.049287989292725994,0.049287989292725994,0.05563872812671381,0.05563872812671381,0.049287989292725994,0.04366213913062995,0.05563872812671381,0.0628077572646129,10042809.177633965
2019-10-01 10:30:00,0.0628077572646129,0.049287989292725994,0.07090051310350699,0.049287989292725994,0.049287989292725994,0.05563872812671381,0.04366213913062995,0.04366213913062995,0.049287989292725994,0.049287989292725994,0.05563872812671381,0.049287989292725994,0.049287989292725994,0.05563872812671381,0.05563872812671381,0.049287989292725994,0.04366213913062995,0.05563872812671381,0.0628077572646129,10001917.897570007
2019-10-01 11:30:00,0.0628077572646129,0.049287989292725994,0.07090051310350699,0.049287989292725994,0.049287989292725994,0.05563872812671381,0.04366213913062995,0.04366213913062995,0.049287989292725994,0.049287989292725994,0.05563872812671381,0.049287989292725994,0.049287989292725994,0.05563872812671381,0.05563872812671381,0.049287989292725994,0.04366213913062995,0.05563872812671381,0.0628077572646129,9991926.530791154
2019-10-01 12:30:00,0.0628077572646129,0.049287989292725994,0.07090051310350699,0.049287989292725994,0.049287989292725994,0.05563872812671381,0.04366213913062995,0.04366213913062995,0.049287989292725994,0.049287989292725994,0.05563872812671381,0.049287989292725994,0.049287989292725994,0.05563872812671381,0.05563872812671381,0.049287989292725994,0.04366213913062995,0.05563872812671381,0.0628077572646129,9950824.958609741
2019-10-01 13:30:00,0.0628077572646129,0.049287989292725994,0.07090051310350699,0.049287989292725994,0.049287989292725994,0.05563872812671381,0.04366213913062995,0.04366213913062995,0.049287989292725994,0.049287989292725994,0.05563872812671381,0.049287989292725994,0.049287989292725994,0.05563872812671381,0.05563872812671381,0.049287989292725994,0.04366213913062995,0.05563872812671381,0.0628077572646129,9919203.825948857
2019-10-01 14:30:00,0.06320918227313956,0.04960300502300811,0.07135366157300592,0.04960300502300811,0.04960300502300811,0.05599433351505111,0.04394119820447909,0.04394119820447909,0.04960300502300811,0.04960300502300811,0.05599433351505111,0.04960300502300811,0.04960300502300811,0.05599433351505111,0.04960300502300811,0.04960300502300811,0.04394119820447909,0.05599433351505111,0.06320918227313956,9924134.700513434
2019-10-01 15:30:00,0.061522693686135284,0.04827954379721769,0.06944986956753686,0.04827954379721769,0.054500344809391595,0.054500344809391595,0.04827954379721769,0.04276880004006496,0.04827954379721769,0.04827954379721769,0.061522693686135284,0.04827954379721769,0.04827954379721769,0.054500344809391595,0.04827954379721769,0.04827954379721769,0.04276880004006496,0.054500344809391595,0.06944986956753686,9941258.347128373
2019-10-02 10:30:00,0.061522693686135284,0.04827954379721769,0.06944986956753686,0.04827954379721769,0.054500344809391595,0.054500344809391595,0.04827954379721769,0.04276880004006496,0.04827954379721769,0.04827954379721769,0.061522693686135284,0.04827954379721769,0.04827954379721769,0.054500344809391595,0.04827954379721769,0.04827954379721769,0.04276880004006496,0.054500344809391595,0.06944986956753686,9791824.297331957
2019-10-02 11:30:00,0.061522693686135284,0.04827954379721769,0.06944986956753686,0.04827954379721769,0.054500344809391595,0.054500344809391595,0.04827954379721769,0.04276880004006496,0.04827954379721769,0.04827954379721769,0.061522693686135284,0.04827954379721769,0.04827954379721769,0.054500344809391595,0.04827954379721769,0.04827954379721769,0.04276880004006496,0.054500344809391595,0.06944986956753686,9759920.275107846
2019-10-02 12:30:00,0.061522693686135284,0.04827954379721769,0.06944986956753686,0.04827954379721769,0.054500344809391595,0.054500344809391595,0.04827954379721769,0.04276880004006496,0.04827954379721769,0.04827954379721769,0.061522693686135284,0.04827954379721769,0.04827954379721769,0.054500344809391595,0.04827954379721769,0.04827954379721769,0.04276880004006496,0.054500344809391595,0.06944986956753686,9739883.856234299
2019-10-02 13:30:00,0.061522693686135284,0.04827954379721769,0.06944986956753686,0.04827954379721769,0.054500344809391595,0.054500344809391595,0.04827954379721769,0.04276880004006496,0.04827954379721769,0.04827954379721769,0.061522693686135284,0.04827954379721769,0.04827954379721769,0.054500344809391595,0.04827954379721769,0.04827954379721769,0.04276880004006496,0.054500344809391595,0.06944986956753686,9729751.450088618
2019-10-02 14:30:00,0.063678567730962,0.04997135228498475,0.07188352717006467,0.04997135228498475,0.04997135228498475,0.0564101421828306,0.04997135228498475,0.044267501420163,0.04997135228498475,0.044267501420163,0.063678567730962,0.04997135228498475,0.044267501420163,0.0564101421828306,0.044267501420163,0.04997135228498475,0.03921470187175527,0.04997135228498475,0.07188352717006467,9744735.82930424
2019-10-02 15:30:00,0.063678567730962,0.04997135228498475,0.07188352717006467,0.04997135228498475,0.04997135228498475,0.0564101421828306,0.04997135228498475,0.044267501420163,0.04997135228498475,0.044267501420163,0.063678567730962,0.04997135228498475,0.044267501420163,0.0564101421828306,0.044267501420163,0.04997135228498475,0.03921470187175527,0.04997135228498475,0.07188352717006467,9755632.200669331
2019-10-03 10:30:00,0.063678567730962,0.04997135228498475,0.07188352717006467,0.04997135228498475,0.04997135228498475,0.0564101421828306,0.04997135228498475,0.044267501420163,0.04997135228498475,0.044267501420163,0.063678567730962,0.04997135228498475,0.044267501420163,0.0564101421828306,0.044267501420163,0.04997135228498475,0.03921470187175527,0.04997135228498475,0.07188352717006467,9747050.495754959
2019-10-03 11:30:00,0.06045946427051475,0.04744518125451404,0.06824964344265481,0.04744518125451404,0.04744518125451404,0.05355847496769663,0.05355847496769663,0.042029673653542036,0.05355847496769663,0.04744518125451404,0.06824964344265481,0.05355847496769663,0.04744518125451404,0.05355847496769663,0.042029673653542036,0.04744518125451404,0.042029673653542036,0.04744518125451404,0.07704358426346768,9772541.89849595
2019-10-03 12:30:00,0.06045946427051475,0.04744518125451404,0.06824964344265481,0.04744518125451404,0.04744518125451404,0.05355847496769663,0.05355847496769663,0.042029673653542036,0.05355847496769663,0.04744518125451404,0.06824964344265481,0.05355847496769663,0.04744518125451404,0.05355847496769663,0.042029673653542036,0.04744518125451404,0.042029673653542036,0.04744518125451404,0.07704358426346768,9769396.362580938
2019-10-03 13:30:00,0.061886416674280284,0.04856497310604782,0.0698604581255453,0.04302164975807811,0.04856497310604782,0.05482255157702979,0.04856497310604782,0.04302164975807811,0.05482255157702979,0.04302164975807811,0.0698604581255453,0.05482255157702979,0.04856497310604782,0.04856497310604782,0.04302164975807811,0.04856497310604782,0.04302164975807811,0.04856497310604782,0.07886195181081432,9780219.951428479
2019-10-03 14:30:00,0.06150156580019729,0.048262963822685204,0.06942601936146303,0.0427541125438776,0.05448162851139286,0.05448162851139286,0.048262963822685204,0.0427541125438776,0.05448162851139286,0.0427541125438776,0.06942601936146303,0.05448162851139286,0.048262963822685204,0.048262963822685204,0.0427541125438776,0.048262963822685204,0.0427541125438776,0.048262963822685204,0.07837153577580584,9797812.852782663
2019-10-03 15:30:00,0.06150156580019729,0.048262963822685204,0.06942601936146303,0.0427541125438776,0.05448162851139286,0.05448162851139286,0.048262963822685204,0.0427541125438776,0.05448162851139286,0.0427541125438776,0.06942601936146303,0.05448162851139286,0.048262963822685204,0.048262963822685204,0.0427541125438776,0.048262963822685204,0.0427541125438776,0.048262963822685204,0.07837153577580584,9773681.621373666
2019-10-04 10:30:00,0.06394932744385917,0.04445572575375414,0.07218917416986584,0.04445572575375414,0.05664999672802769,0.05664999672802769,0.05018382925298017,0.04445572575375414,0.05664999672802769,0.04445572575375414,0.06394932744385917,0.05664999672802769,0.05018382925298017,0.05018382925298017,0.04445572575375414,0.04445572575375414,0.039381441825219736,0.04445572575375414,0.07218917416986584,9853581.611185959
2019-10-04 11:30:00,0.06870382194383998,0.04776091303307987,0.06870382194383998,0.04776091303307987,0.05391488866686899,0.05391488866686899,0.05391488866686899,0.04776091303307987,0.05391488866686899,0.042309367044194045,0.06086180174042273,0.06086180174042273,0.05391488866686899,0.04776091303307987,0.042309367044194045,0.042309367044194045,0.042309367044194045,0.042309367044194045,0.06870382194383998,9869128.35011831
2019-10-04 12:30:00,0.06870382194383998,0.04776091303307987,0.06870382194383998,0.04776091303307987,0.05391488866686899,0.05391488866686899,0.05391488866686899,0.04776091303307987,0.05391488866686899,0.042309367044194045,0.06086180174042273,0.06086180174042273,0.05391488866686899,0.04776091303307987,0.042309367044194045,0.042309367044194045,0.042309367044194045,0.042309367044194045,0.06870382194383998,9869802.200471764
2019-10-04 13:30:00,0.06870382194383998,0.04776091303307987,0.06870382194383998,0.04776091303307987,0.05391488866686899,0.05391488866686899,0.05391488866686899,0.04776091303307987,0.05391488866686899,0.042309367044194045,0.06086180174042273,0.06086180174042273,0.05391488866686899,0.04776091303307987,0.042309367044194045,0.042309367044194045,0.042309367044194045,0.042309367044194045,0.06870382194383998,9868854.036646975
2019-10-04 14:30:00,0.06994602824047728,0.04862445897891292,0.06994602824047728,0.04307434576971529,0.054889702182181574,0.04862445897891292,0.054889702182181574,0.04862445897891292,0.04862445897891292,0.04307434576971529,0.06196221960958355,0.06196221960958355,0.054889702182181574,0.04862445897891292,0.04307434576971529,0.04307434576971529,0.04307434576971529,0.04307434576971529,0.06994602824047728,9885068.017894888
2019-10-04 15:30:00,0.07073699897052968,0.049174318989330154,0.07073699897052968,0.04356144343025528,0.05551041144759021,0.049174318989330154,0.049174318989330154,0.049174318989330154,0.049174318989330154,0.04356144343025528,0.06266290702977215,0.06266290702977215,0.05551041144759021,0.049174318989330154,0.04356144343025528,0.04356144343025528,0.04356144343025528,0.03858923504642885,0.07073699897052968,9907283.65809831
2019-10-07 10:30:00,0.07073699897052968,0.049174318989330154,0.07073699897052968,0.04356144343025528,0.05551041144759021,0.049174318989330154,0.049174318989330154,0.049174318989330154,0.049174318989330154,0.04356144343025528,0.06266290702977215,0.06266290702977215,0.05551041144759021,0.049174318989330154,0.04356144343025528,0.04356144343025528,0.04356144343025528,0.03858923504642885,0.07073699897052968,9886456.454379344
2019-10-07 11:30:00,0.06743522367371492,0.04687902014940761,0.06743522367371492,0.04152813554463898,0.05973800434138274,0.05291936421769522,0.04687902014940761,0.05291936421769522,0.05291936421769522,0.04152813554463898,0.05973800434138274,0.06743522367371492,0.05291936421769522,0.04687902014940761,0.04687902014940761,0.04152813554463898,0.04152813554463898,0.03678801383470683,0.07612422681441557,9899135.810869278
2019-10-07 12:30:00,0.06743522367371492,0.04687902014940761,0.06743522367371492,0.04152813554463898,0.05973800434138274,0.05291936421769522,0.04687902014940761,0.05291936421769522,0.05291936421769522,0.04152813554463898,0.05973800434138274,0.06743522367371492,0.05291936421769522,0.04687902014940761,0.04687902014940761,0.04152813554463898,0.04152813554463898,0.03678801383470683,0.07612422681441557,9892605.731588535
2019-10-07 13:30:00,0.06743522367371492,0.04687902014940761,0.06743522367371492,0.04152813554463898,0.05973800434138274,0.05291936421769522,0.04687902014940761,0.05291936421769522,0.05291936421769522,0.04152813554463898,0.05973800434138274,0.06743522367371492,0.05291936421769522,0.04687902014940761,0.04687902014940761,0.04152813554463898,0.04152813554463898,0.03678801383470683,0.07612422681441557,9891671.609077847
2019-10-07 14:30:00,0.06743522367371492,0.04687902014940761,0.06743522367371492,0.04152813554463898,0.05973800434138274,0.05291936421769522,0.04687902014940761,0.05291936421769522,0.05291936421769522,0.04152813554463898,0.05973800434138274,0.06743522367371492,0.05291936421769522,0.04687902014940761,0.04687902014940761,0.04152813554463898,0.04152813554463898,0.03678801383470683,0.07612422681441557,9891078.937578082
2019-10-07 15:30:00,0.06743522367371492,0.04687902014940761,0.06743522367371492,0.04152813554463898,0.05973800434138274,0.05291936421769522,0.04687902014940761,0.05291936421769522,0.05291936421769522,0.04152813554463898,0.05973800434138274,0.06743522367371492,0.05291936421769522,0.04687902014940761,0.04687902014940761,0.04152813554463898,0.04152813554463898,0.03678801383470683,0.07612422681441557,9893523.388290133
2019-10-08 10:30:00,0.06743522367371492,0.04687902014940761,0.06743522367371492,0.04152813554463898,0.05973800434138274,0.05291936421769522,0.04687902014940761,0.05291936421769522,0.05291936421769522,0.04152813554463898,0.05973800434138274,0.06743522367371492,0.05291936421769522,0.04687902014940761,0.04687902014940761,0.04152813554463898,0.04152813554463898,0.03678801383470683,0.07612422681441557,9751326.337901214
2019-10-08 11:30:00,0.06743522367371492,0.04687902014940761,0.06743522367371492,0.04152813554463898,0.05973800434138274,0.05291936421769522,0.04687902014940761,0.05291936421769522,0.05291936421769522,0.04152813554463898,0.05973800434138274,0.06743522367371492,0.05291936421769522,0.04687902014940761,0.04687902014940761,0.04152813554463898,0.04152813554463898,0.03678801383470683,0.07612422681441557,9751351.0853585
2019-10-08 12:30:00,0.06926928230938256,0.04815400475022493,0.06136271909386853,0.03778854991640005,0.06136271909386853,0.054358630103534276,0.04265759032315867,0.054358630103534276,0.054358630103534276,0.04265759032315867,0.06136271909386853,0.06926928230938256,0.054358630103534276,0.04815400475022493,0.04815400475022493,0.04265759032315867,0.04265759032315867,0.03778854991640005,0.06926928230938256,9771015.685038073
2019-10-08 13:30:00,0.06588519246939914,0.04580148321691497,0.06588519246939914,0.04057359128061015,0.06588519246939914,0.051702987057787426,0.04057359128061015,0.051702987057787426,0.051702987057787426,0.04057359128061015,0.06588519246939914,0.06588519246939914,0.051702987057787426,0.051702987057787426,0.051702987057787426,0.04057359128061015,0.04580148321691497,0.04057359128061015,0.06588519246939914,9793667.786278654
2019-10-08 14:30:00,0.06588519246939914,0.04580148321691497,0.06588519246939914,0.04057359128061015,0.06588519246939914,0.051702987057787426,0.04057359128061015,0.051702987057787426,0.051702987057787426,0.04057359128061015,0.06588519246939914,0.06588519246939914,0.051702987057787426,0.051702987057787426,0.051702987057787426,0.04057359128061015,0.04580148321691497,0.04057359128061015,0.06588519246939914,9785073.72233538
2019-10-08 15:30:00,0.06588519246939914,0.04580148321691497,0.06588519246939914,0.04057359128061015,0.06588519246939914,0.051702987057787426,0.04057359128061015,0.051702987057787426,0.051702987057787426,0.04057359128061015,0.06588519246939914,0.06588519246939914,0.051702987057787426,0.051702987057787426,0.051702987057787426,0.04057359128061015,0.04580148321691497,0.04057359128061015,0.06588519246939914,9784148.69304125
2019-10-09 10:30:00,0.06588519246939914,0.04580148321691497,0.06588519246939914,0.04057359128061015,0.06588519246939914,0.051702987057787426,0.04057359128061015,0.051702987057787426,0.051702987057787426,0.04057359128061015,0.06588519246939914,0.06588519246939914,0.051702987057787426,0.051702987057787426,0.051702987057787426,0.04057359128061015,0.04580148321691497,0.04057359128061015,0.06588519246939914,9779569.140625961
2019-10-09 11:30:00,0.06588519246939914,0.04580148321691497,0.06588519246939914,0.04057359128061015,0.06588519246939914,0.051702987057787426,0.04057359128061015,0.051702987057787426,0.051702987057787426,0.04057359128061015,0.06588519246939914,0.06588519246939914,0.051702987057787426,0.051702987057787426,0.051702987057787426,0.04057359128061015,0.04580148321691497,0.04057359128061015,0.06588519246939914,9760821.238331798
2019-10-09 12:30:00,0.06749685418999475,0.041566089010117775,0.06749685418999475,0.041566089010117775,0.06749685418999475,0.05296772837458921,0.041566089010117775,0.05296772837458921,0.046921863904601194,0.041566089010117775,0.06749685418999475,0.05979260020165452,0.05296772837458921,0.05296772837458921,0.05296772837458921,0.041566089010117775,0.041566089010117775,0.041566089010117775,0.06749685418999475,9782964.369804772
2019-10-09 13:30:00,0.06839002995652413,0.042116126843121604,0.06839002995652413,0.042116126843121604,0.06058382672856151,0.0536686423943615,0.042116126843121604,0.0536686423943615,0.042116126843121604,0.042116126843121604,0.06839002995652413,0.06058382672856151,0.0536686423943615,0.0536686423943615,0.0536686423943615,0.042116126843121604,0.042116126843121604,0.042116126843121604,0.06839002995652413,9795501.414732438
2019-10-09 14:30:00,0.062151720689034774,0.03827443493915221,0.062151720689034774,0.0432060814478664,0.062151720689034774,0.05505757315064944,0.0432060814478664,0.05505757315064944,0.0432060814478664,0.0432060814478664,0.0701599464625554,0.062151720689034774,0.05505757315064944,0.05505757315064944,0.05505757315064944,0.0432060814478664,0.03827443493915221,0.0432060814478664,0.0701599464625554,9808343.269353444
2019-10-09 15:30:00,0.062151720689034774,0.03827443493915221,0.062151720689034774,0.0432060814478664,0.062151720689034774,0.05505757315064944,0.0432060814478664,0.05505757315064944,0.0432060814478664,0.0432060814478664,0.0701599464625554,0.062151720689034774,0.05505757315064944,0.05505757315064944,0.05505757315064944,0.0432060814478664,0.03827443493915221,0.0432060814478664,0.0701599464625554,9817495.803169273
2019-10-10 10:30:00,0.06331095687333298,0.03898831879342273,0.05608449131652315,0.03898831879342273,0.06331095687333298,0.049682871995227335,0.044011948967555815,0.05608449131652315,0.044011948967555815,0.044011948967555815,0.07146854979205532,0.06331095687333298,0.05608449131652315,0.05608449131652315,0.05608449131652315,0.044011948967555815,0.03898831879342273,0.044011948967555815,0.07146854979205532,9843407.96597055
2019-10-10 11:30:00,0.06810291516563445,0.04193931506281777,0.053443330882607734,0.03715226032940076,0.06810291516563445,0.053443330882607734,0.04193931506281777,0.06032948391348269,0.04193931506281777,0.04193931506281777,0.06810291516563445,0.06032948391348269,0.06032948391348269,0.053443330882607734,0.06032948391348269,0.04193931506281777,0.03715226032940076,0.04193931506281777,0.06810291516563445,9866436.359655915
2019-10-10 12:30:00,0.06810291516563445,0.04193931506281777,0.053443330882607734,0.03715226032940076,0.06810291516563445,0.053443330882607734,0.04193931506281777,0.06032948391348269,0.04193931506281777,0.04193931506281777,0.06810291516563445,0.06032948391348269,0.06032948391348269,0.053443330882607734,0.06032948391348269,0.04193931506281777,0.03715226032940076,0.04193931506281777,0.06810291516563445,9857645.281827122
2019-10-10 13:30:00,0.06810291516563445,0.04193931506281777,0.053443330882607734,0.03715226032940076,0.06810291516563445,0.053443330882607734,0.04193931506281777,0.06032948391348269,0.04193931506281777,0.04193931506281777,0.06810291516563445,0.06032948391348269,0.06032948391348269,0.053443330882607734,0.06032948391348269,0.04193931506281777,0.03715226032940076,0.04193931506281777,0.06810291516563445,9850355.638246033
2019-10-10 14:30:00,0.06810291516563445,0.04193931506281777,0.053443330882607734,0.03715226032940076,0.06810291516563445,0.053443330882607734,0.04193931506281777,0.06032948391348269,0.04193931506281777,0.04193931506281777,0.06810291516563445,0.06032948391348269,0.06032948391348269,0.053443330882607734,0.06032948391348269,0.04193931506281777,0.03715226032940076,0.04193931506281777,0.06810291516563445,9838978.89399412
2019-10-10 15:30:00,0.06810291516563445,0.04193931506281777,0.053443330882607734,0.03715226032940076,0.06810291516563445,0.053443330882607734,0.04193931506281777,0.06032948391348269,0.04193931506281777,0.04193931506281777,0.06810291516563445,0.06032948391348269,0.06032948391348269,0.053443330882607734,0.06032948391348269,0.04193931506281777,0.03715226032940076,0.04193931506281777,0.06810291516563445,9844508.242857318
2019-10-11 10:30:00,0.07086197802192451,0.03865741500967785,0.05560848796576633,0.03424496427636083,0.07086197802192451,0.05560848796576633,0.03865741500967785,0.06277362067033085,0.04363840835605842,0.03865741500967785,0.06277362067033085,0.06277362067033085,0.06277362067033085,0.05560848796576633,0.06277362067033085,0.03865741500967785,0.03865741500967785,0.04363840835605842,0.06277362067033085,9954326.042389277
2019-10-11 11:30:00,0.06884047589499875,0.037554622668214604,0.054022126988612376,0.0332680473167504,0.07771054525449465,0.054022126988612376,0.037554622668214604,0.060982857679483436,0.04239352163725792,0.04239352163725792,0.060982857679483436,0.060982857679483436,0.060982857679483436,0.060982857679483436,0.060982857679483436,0.037554622668214604,0.037554622668214604,0.04239352163725792,0.06884047589499875,9971143.762953924
2019-10-11 12:30:00,0.06884047589499875,0.037554622668214604,0.054022126988612376,0.0332680473167504,0.07771054525449465,0.054022126988612376,0.037554622668214604,0.060982857679483436,0.04239352163725792,0.04239352163725792,0.060982857679483436,0.060982857679483436,0.060982857679483436,0.060982857679483436,0.060982857679483436,0.037554622668214604,0.037554622668214604,0.04239352163725792,0.06884047589499875,9950491.7254804
2019-10-11 13:30:00,0.06884047589499875,0.037554622668214604,0.054022126988612376,0.0332680473167504,0.07771054525449465,0.054022126988612376,0.037554622668214604,0.060982857679483436,0.04239352163725792,0.04239352163725792,0.060982857679483436,0.060982857679483436,0.060982857679483436,0.060982857679483436,0.060982857679483436,0.037554622668214604,0.037554622668214604,0.04239352163725792,0.06884047589499875,9948868.611604359
2019-10-11 14:30:00,0.06884047589499875,0.037554622668214604,0.054022126988612376,0.0332680473167504,0.07771054525449465,0.054022126988612376,0.037554622668214604,0.060982857679483436,0.04239352163725792,0.04239352163725792,0.060982857679483436,0.060982857679483436,0.060982857679483436,0.060982857679483436,0.060982857679483436,0.037554622668214604,0.037554622668214604,0.04239352163725792,0.06884047589499875,9952062.662814142
2019-10-11 15:30:00,0.06884047589499875,0.037554622668214604,0.054022126988612376,0.0332680473167504,0.07771054525449465,0.054022126988612376,0.037554622668214604,0.060982857679483436,0.04239352163725792,0.04239352163725792,0.060982857679483436,0.060982857679483436,0.060982857679483436,0.060982857679483436,0.060982857679483436,0.037554622668214604,0.037554622668214604,0.04239352163725792,0.06884047589499875,9959789.488222396
2019-10-14 10:30:00,0.06884047589499875,0.037554622668214604,0.054022126988612376,0.0332680473167504,0.07771054525449465,0.054022126988612376,0.037554622668214604,0.060982857679483436,0.04239352163725792,0.04239352163725792,0.060982857679483436,0.060982857679483436,0.060982857679483436,0.060982857679483436,0.060982857679483436,0.037554622668214604,0.037554622668214604,0.04239352163725792,0.06884047589499875,9893951.827326562
2019-10-14 11:30:00,0.06884047589499875,0.037554622668214604,0.054022126988612376,0.0332680473167504,0.07771054525449465,0.054022126988612376,0.037554622668214604,0.060982857679483436,0.04239352163725792,0.04239352163725792,0.060982857679483436,0.060982857679483436,0.060982857679483436,0.060982857679483436,0.060982857679483436,0.037554622668214604,0.037554622668214604,0.04239352163725792,0.06884047589499875,9880494.707283048
2019-10-14 12:30:00,0.06884047589499875,0.037554622668214604,0.054022126988612376,0.0332680473167504,0.07771054525449465,0.054022126988612376,0.037554622668214604,0.060982857679483436,0.04239352163725792,0.04239352163725792,0.060982857679483436,0.060982857679483436,0.060982857679483436,0.060982857679483436,0.060982857679483436,0.037554622668214604,0.037554622668214604,0.04239352163725792,0.06884047589499875,9880468.016589697
2019-10-14 13:30:00,0.06884047589499875,0.037554622668214604,0.054022126988612376,0.0332680473167504,0.07771054525449465,0.054022126988612376,0.037554622668214604,0.060982857679483436,0.04239352163725792,0.04239352163725792,0.060982857679483436,0.060982857679483436,0.060982857679483436,0.060982857679483436,0.060982857679483436,0.037554622668214604,0.037554622668214604,0.04239352163725792,0.06884047589499875,9884550.253553065
2019-10-14 14:30:00,0.06884047589499875,0.037554622668214604,0.054022126988612376,0.0332680473167504,0.07771054525449465,0.054022126988612376,0.037554622668214604,0.060982857679483436,0.04239352163725792,0.04239352163725792,0.060982857679483436,0.060982857679483436,0.060982857679483436,0.060982857679483436,0.060982857679483436,0.037554622668214604,0.037554622668214604,0.04239352163725792,0.06884047589499875,9890280.055726856
2019-10-14 15:30:00,0.06884047589499875,0.037554622668214604,0.054022126988612376,0.0332680473167504,0.07771054525449465,0.054022126988612376,0.037554622668214604,0.060982857679483436,0.04239352163725792,0.04239352163725792,0.060982857679483436,0.060982857679483436,0.060982857679483436,0.060982857679483436,0.060982857679483436,0.037554622668214604,0.037554622668214604,0.04239352163725792,0.06884047589499875,9886970.35755153
2019-10-15 10:30:00,0.06453722123208824,0.035207063285311216,0.05717078689910247,0.031188444032774053,0.08223987595849919,0.05717078689910247,0.03974348011312631,0.06453722123208824,0.04486441253853372,0.03974348011312631,0.05717078689910247,0.06453722123208824,0.06453722123208824,0.05717078689910247,0.05717078689910247,0.035207063285311216,0.035207063285311216,0.03974348011312631,0.07285281785101491,9944514.56270664
2019-10-15 11:30:00,0.06243379814628469,0.03844814461549941,0.05530745360551876,0.030171937713840524,0.08981068992858374,0.05530745360551876,0.03844814461549941,0.07047836949380126,0.043402173550505435,0.043402173550505435,0.05530745360551876,0.06243379814628469,0.06243379814628469,0.05530745360551876,0.05530745360551876,0.03405958051050513,0.03405958051050513,0.043402173550505435,0.07047836949380126,9959091.503688034
2019-10-15 12:30:00,0.06243379814628469,0.03844814461549941,0.05530745360551876,0.030171937713840524,0.08981068992858374,0.05530745360551876,0.03844814461549941,0.07047836949380126,0.043402173550505435,0.043402173550505435,0.05530745360551876,0.06243379814628469,0.06243379814628469,0.05530745360551876,0.05530745360551876,0.03405958051050513,0.03405958051050513,0.043402173550505435,0.07047836949380126,9953235.34070117
2019-10-15 13:30:00,0.06243379814628469,0.03844814461549941,0.05530745360551876,0.030171937713840524,0.08981068992858374,0.05530745360551876,0.03844814461549941,0.07047836949380126,0.043402173550505435,0.043402173550505435,0.05530745360551876,0.06243379814628469,0.06243379814628469,0.05530745360551876,0.05530745360551876,0.03405958051050513,0.03405958051050513,0.043402173550505435,0.07047836949380126,9950373.644274686
2019-10-15 14:30:00,0.06569160808278356,0.035836817249492635,0.058193409246025174,0.03174631635819702,0.0944970323703429,0.058193409246025174,0.04045437763811383,0.06569160808278356,0.04045437763811383,0.04045437763811383,0.058193409246025174,0.058193409246025174,0.058193409246025174,0.058193409246025174,0.058193409246025174,0.035836817249492635,0.035836817249492635,0.04045437763811383,0.06569160808278356,9967574.41043911
2019-10-15 15:30:00,0.06569160808278356,0.035836817249492635,0.058193409246025174,0.03174631635819702,0.0944970323703429,0.058193409246025174,0.04045437763811383,0.06569160808278356,0.04045437763811383,0.04045437763811383,0.058193409246025174,0.058193409246025174,0.058193409246025174,0.058193409246025174,0.058193409246025174,0.035836817249492635,0.035836817249492635,0.04045437763811383,0.06569160808278356,9966661.138246609
2019-10-16 10:30:00,0.06569160808278356,0.035836817249492635,0.058193409246025174,0.03174631635819702,0.0944970323703429,0.058193409246025174,0.04045437763811383,0.06569160808278356,0.04045437763811383,0.04045437763811383,0.058193409246025174,0.058193409246025174,0.058193409246025174,0.058193409246025174,0.058193409246025174,0.035836817249492635,0.035836817249492635,0.04045437763811383,0.06569160808278356,9941218.502488518
2019-10-16 11:30:00,0.06249117922223199,0.034090883673760196,0.06249117922223199,0.03019966785842309,0.08989323230423092,0.055358285066842865,0.043442063217492284,0.06249117922223199,0.043442063217492284,0.043442063217492284,0.06249117922223199,0.06249117922223199,0.055358285066842865,0.055358285066842865,0.055358285066842865,0.03848348117953553,0.034090883673760196,0.03848348117953553,0.0705431440997461,9956341.764325365
2019-10-16 12:30:00,0.06249117922223199,0.034090883673760196,0.06249117922223199,0.03019966785842309,0.08989323230423092,0.055358285066842865,0.043442063217492284,0.06249117922223199,0.043442063217492284,0.043442063217492284,0.06249117922223199,0.06249117922223199,0.055358285066842865,0.055358285066842865,0.055358285066842865,0.03848348117953553,0.034090883673760196,0.03848348117953553,0.0705431440997461,9946619.362203978
2019-10-16 13:30:00,0.06249117922223199,0.034090883673760196,0.06249117922223199,0.03019966785842309,0.08989323230423092,0.055358285066842865,0.043442063217492284,0.06249117922223199,0.043442063217492284,0.043442063217492284,0.06249117922223199,0.06249117922223199,0.055358285066842865,0.055358285066842865,0.055358285066842865,0.03848348117953553,0.034090883673760196,0.03848348117953553,0.0705431440997461,9939732.088409895
2019-10-16 14:30:00,0.06249117922223199,0.034090883673760196,0.06249117922223199,0.03019966785842309,0.08989323230423092,0.055358285066842865,0.043442063217492284,0.06249117922223199,0.043442063217492284,0.043442063217492284,0.06249117922223199,0.06249117922223199,0.055358285066842865,0.055358285066842865,0.055358285066842865,0.03848348117953553,0.034090883673760196,0.03848348117953553,0.0705431440997461,9949264.708737643
2019-10-16 15:30:00,0.06249117922223199,0.034090883673760196,0.06249117922223199,0.03019966785842309,0.08989323230423092,0.055358285066842865,0.043442063217492284,0.06249117922223199,0.043442063217492284,0.043442063217492284,0.06249117922223199,0.06249117922223199,0.055358285066842865,0.055358285066842865,0.055358285066842865,0.03848348117953553,0.034090883673760196,0.03848348117953553,0.0705431440997461,9946264.86825885
2019-10-17 10:30:00,0.060402266676071015,0.032951316850055624,0.0681850759597361,0.0291901739448099,0.0980838727835942,0.053507806044854056,0.04740029580492483,0.060402266676071015,0.04198991153759802,0.04198991153759802,0.060402266676071015,0.060402266676071015,0.053507806044854056,0.053507806044854056,0.053507806044854056,0.04198991153759802,0.03719708160032449,0.03719708160032449,0.0681850759597361,10003253.403750764
2019-10-17 11:30:00,0.060402266676071015,0.032951316850055624,0.0681850759597361,0.0291901739448099,0.0980838727835942,0.053507806044854056,0.04740029580492483,0.060402266676071015,0.04198991153759802,0.04198991153759802,0.060402266676071015,0.060402266676071015,0.053507806044854056,0.053507806044854056,0.053507806044854056,0.04198991153759802,0.03719708160032449,0.03719708160032449,0.0681850759597361,9984975.103305992
2019-10-17 12:30:00,0.060402266676071015,0.032951316850055624,0.0681850759597361,0.0291901739448099,0.0980838727835942,0.053507806044854056,0.04740029580492483,0.060402266676071015,0.04198991153759802,0.04198991153759802,0.060402266676071015,0.060402266676071015,0.053507806044854056,0.053507806044854056,0.053507806044854056,0.04198991153759802,0.03719708160032449,0.03719708160032449,0.0681850759597361,9976394.052144807
2019-10-17 13:30:00,0.060402266676071015,0.032951316850055624,0.0681850759597361,0.0291901739448099,0.0980838727835942,0.053507806044854056,0.04740029580492483,0.060402266676071015,0.04198991153759802,0.04198991153759802,0.060402266676071015,0.060402266676071015,0.053507806044854056,0.053507806044854056,0.053507806044854056,0.04198991153759802,0.03719708160032449,0.03719708160032449,0.0681850759597361,9986453.450882727
2019-10-17 14:30:00,0.060402266676071015,0.032951316850055624,0.0681850759597361,0.0291901739448099,0.0980838727835942,0.053507806044854056,0.04740029580492483,0.060402266676071015,0.04198991153759802,0.04198991153759802,0.060402266676071015,0.060402266676071015,0.053507806044854056,0.053507806044854056,0.053507806044854056,0.04198991153759802,0.03719708160032449,0.03719708160032449,0.0681850759597361,9984330.897976274
2019-10-17 15:30:00,0.060402266676071015,0.032951316850055624,0.0681850759597361,0.0291901739448099,0.0980838727835942,0.053507806044854056,0.04740029580492483,0.060402266676071015,0.04198991153759802,0.04198991153759802,0.060402266676071015,0.060402266676071015,0.053507806044854056,0.053507806044854056,0.053507806044854056,0.04198991153759802,0.03719708160032449,0.03719708160032449,0.0681850759597361,9986210.02880428
2019-10-18 10:30:00,0.0634250736944078,0.03460035218132816,0.0634250736944078,0.02715240699732317,0.09123663458563755,0.05618558256797027,0.04409127968617903,0.0634250736944078,0.04409127968617903,0.03905859451218432,0.0634250736944078,0.0634250736944078,0.05618558256797027,0.04977242444702973,0.05618558256797027,0.03905859451218432,0.03460035218132816,0.03905859451218432,0.07159737052249245,9996357.589753756
2019-10-18 11:30:00,0.06896525833719036,0.03332835004036117,0.06109339715228831,0.02615421138208777,0.09920616102601568,0.05412004921896283,0.04247036548666809,0.06109339715228831,0.04247036548666809,0.04247036548666809,0.06109339715228831,0.06896525833719036,0.05412004921896283,0.04794265606415457,0.05412004921896283,0.04247036548666809,0.03332835004036117,0.037622695375022615,0.06896525833719036,10014704.420048995
2019-10-18 12:30:00,0.06896525833719036,0.03332835004036117,0.06109339715228831,0.02615421138208777,0.09920616102601568,0.05412004921896283,0.04247036548666809,0.06109339715228831,0.04247036548666809,0.04247036548666809,0.06109339715228831,0.06896525833719036,0.05412004921896283,0.04794265606415457,0.05412004921896283,0.04247036548666809,0.03332835004036117,0.037622695375022615,0.06896525833719036,10002081.973478664
2019-10-18 13:30:00,0.07038162441233918,0.0340128272028631,0.06234809578212628,0.02669135049556346,0.10124359616815633,0.055231533516235255,0.043342595741797135,0.055231533516235255,0.043342595741797135,0.043342595741797135,0.055231533516235255,0.07038162441233918,0.0489272728587411,0.0489272728587411,0.055231533516235255,0.043342595741797135,0.0340128272028631,0.038395367161798255,0.07038162441233918,10014855.273542946
2019-10-18 14:30:00,0.06692335485019753,0.03234157386052871,0.059284561461895126,0.02865002849305418,0.10867310424922419,0.05251767840384718,0.04652318372469833,0.059284561461895126,0.0412129151490345,0.0412129151490345,0.059284561461895126,0.06692335485019753,0.04652318372469833,0.05251767840384718,0.05251767840384718,0.0412129151490345,0.03234157386052871,0.03650877345652962,0.07554640388601243,10034607.898024091
2019-10-18 15:30:00,0.06692335485019753,0.03234157386052871,0.059284561461895126,0.02865002849305418,0.10867310424922419,0.05251767840384718,0.04652318372469833,0.059284561461895126,0.0412129151490345,0.0412129151490345,0.059284561461895126,0.06692335485019753,0.04652318372469833,0.05251767840384718,0.05251767840384718,0.0412129151490345,0.03234157386052871,0.03650877345652962,0.07554640388601243,10026442.875308642
2019-10-21 10:30:00,0.07101144362813719,0.03431719545714602,0.06290602591118867,0.03040014786815542,0.11531152366109575,0.04936510499007259,0.04373045265599423,0.06290602591118867,0.03873895315086901,0.03873895315086901,0.05572578015258338,0.07101144362813719,0.04373045265599423,0.04936510499007259,0.04936510499007259,0.04373045265599423,0.03431719545714602,0.03431719545714602,0.07101144362813719,10067094.754559252
2019-10-21 11:30:00,0.07101144362813719,0.03431719545714602,0.06290602591118867,0.03040014786815542,0.11531152366109575,0.04936510499007259,0.04373045265599423,0.06290602591118867,0.03873895315086901,0.03873895315086901,0.05572578015258338,0.07101144362813719,0.04373045265599423,0.04936510499007259,0.04936510499007259,0.04373045265599423,0.03431719545714602,0.03431719545714602,0.07101144362813719,10069501.344405957
2019-10-21 12:30:00,0.07101144362813719,0.03431719545714602,0.06290602591118867,0.03040014786815542,0.11531152366109575,0.04936510499007259,0.04373045265599423,0.06290602591118867,0.03873895315086901,0.03873895315086901,0.05572578015258338,0.07101144362813719,0.04373045265599423,0.04936510499007259,0.04936510499007259,0.04373045265599423,0.03431719545714602,0.03431719545714602,0.07101144362813719,10062318.287518501
2019-10-21 13:30:00,0.07101144362813719,0.03431719545714602,0.06290602591118867,0.03040014786815542,0.11531152366109575,0.04936510499007259,0.04373045265599423,0.06290602591118867,0.03873895315086901,0.03873895315086901,0.05572578015258338,0.07101144362813719,0.04373045265599423,0.04936510499007259,0.04936510499007259,0.04373045265599423,0.03431719545714602,0.03431719545714602,0.07101144362813719,10060576.703959715
2019-10-21 14:30:00,0.0655581831781832,0.03168183705322753,0.05807521378234835,0.03168183705322753,0.12017312938194914,0.05144636858984614,0.04037221156493398,0.0655581831781832,0.04037221156493398,0.04037221156493398,0.05807521378234835,0.07400533035886195,0.04557415580081372,0.04557415580081372,0.04557415580081372,0.04037221156493398,0.035764029810392825,0.035764029810392825,0.07400533035886195,10068224.01783532
2019-10-21 15:30:00,0.0655581831781832,0.03168183705322753,0.05807521378234835,0.03168183705322753,0.12017312938194914,0.05144636858984614,0.04037221156493398,0.0655581831781832,0.04037221156493398,0.04037221156493398,0.05807521378234835,0.07400533035886195,0.04557415580081372,0.04557415580081372,0.04557415580081372,0.04037221156493398,0.035764029810392825,0.035764029810392825,0.07400533035886195,10073215.241679478
2019-10-22 10:30:00,0.0655581831781832,0.03168183705322753,0.05807521378234835,0.03168183705322753,0.12017312938194914,0.05144636858984614,0.04037221156493398,0.0655581831781832,0.04037221156493398,0.04037221156493398,0.05807521378234835,0.07400533035886195,0.04557415580081372,0.04557415580081372,0.04557415580081372,0.04037221156493398,0.035764029810392825,0.035764029810392825,0.07400533035886195,10068094.435033564
2019-10-22 11:30:00,0.0655581831781832,0.03168183705322753,0.05807521378234835,0.03168183705322753,0.12017312938194914,0.05144636858984614,0.04037221156493398,0.0655581831781832,0.04037221156493398,0.04037221156493398,0.05807521378234835,0.07400533035886195,0.04557415580081372,0.04557415580081372,0.04557415580081372,0.04037221156493398,0.035764029810392825,0.035764029810392825,0.07400533035886195,10077401.73617541
2019-10-22 12:30:00,0.0655581831781832,0.03168183705322753,0.05807521378234835,0.03168183705322753,0.12017312938194914,0.05144636858984614,0.04037221156493398,0.0655581831781832,0.04037221156493398,0.04037221156493398,0.05807521378234835,0.07400533035886195,0.04557415580081372,0.04557415580081372,0.04557415580081372,0.04037221156493398,0.035764029810392825,0.035764029810392825,0.07400533035886195,10079504.686054608
2019-10-22 13:30:00,0.0655581831781832,0.03168183705322753,0.05807521378234835,0.03168183705322753,0.12017312938194914,0.05144636858984614,0.04037221156493398,0.0655581831781832,0.04037221156493398,0.04037221156493398,0.05807521378234835,0.07400533035886195,0.04557415580081372,0.04557415580081372,0.04557415580081372,0.04037221156493398,0.035764029810392825,0.035764029810392825,0.07400533035886195,10085330.011910385
2019-10-22 14:30:00,0.0655581831781832,0.03168183705322753,0.05807521378234835,0.03168183705322753,0.12017312938194914,0.05144636858984614,0.04037221156493398,0.0655581831781832,0.04037221156493398,0.04037221156493398,0.05807521378234835,0.07400533035886195,0.04557415580081372,0.04557415580081372,0.04557415580081372,0.04037221156493398,0.035764029810392825,0.035764029810392825,0.07400533035886195,10076598.33112659
2019-10-22 15:30:00,0.0655581831781832,0.03168183705322753,0.05807521378234835,0.03168183705322753,0.12017312938194914,0.05144636858984614,0.04037221156493398,0.0655581831781832,0.04037221156493398,0.04037221156493398,0.05807521378234835,0.07400533035886195,0.04557415580081372,0.04557415580081372,0.04557415580081372,0.04037221156493398,0.035764029810392825,0.035764029810392825,0.07400533035886195,10066049.710940458
2019-10-23 10:30:00,0.0655581831781832,0.03168183705322753,0.05807521378234835,0.03168183705322753,0.12017312938194914,0.05144636858984614,0.04037221156493398,0.0655581831781832,0.04037221156493398,0.04037221156493398,0.05807521378234835,0.07400533035886195,0.04557415580081372,0.04557415580081372,0.04557415580081372,0.04037221156493398,0.035764029810392825,0.035764029810392825,0.07400533035886195,10060046.995911352
2019-10-23 11:30:00,0.0655581831781832,0.03168183705322753,0.05807521378234835,0.03168183705322753,0.12017312938194914,0.05144636858984614,0.04037221156493398,0.0655581831781832,0.04037221156493398,0.04037221156493398,0.05807521378234835,0.07400533035886195,0.04557415580081372,0.04557415580081372,0.04557415580081372,0.04037221156493398,0.035764029810392825,0.035764029810392825,0.07400533035886195,10063884.364343239
2019-10-23 12:30:00,0.0655581831781832,0.03168183705322753,0.05807521378234835,0.03168183705322753,0.12017312938194914,0.05144636858984614,0.04037221156493398,0.0655581831781832,0.04037221156493398,0.04037221156493398,0.05807521378234835,0.07400533035886195,0.04557415580081372,0.04557415580081372,0.04557415580081372,0.04037221156493398,0.035764029810392825,0.035764029810392825,0.07400533035886195,10055316.462053236
2019-10-23 13:30:00,0.0655581831781832,0.03168183705322753,0.05807521378234835,0.03168183705322753,0.12017312938194914,0.05144636858984614,0.04037221156493398,0.0655581831781832,0.04037221156493398,0.04037221156493398,0.05807521378234835,0.07400533035886195,0.04557415580081372,0.04557415580081372,0.04557415580081372,0.04037221156493398,0.035764029810392825,0.035764029810392825,0.07400533035886195,10055801.408971127
2019-10-23 14:30:00,0.0655581831781832,0.03168183705322753,0.05807521378234835,0.03168183705322753,0.12017312938194914,0.05144636858984614,0.04037221156493398,0.0655581831781832,0.04037221156493398,0.04037221156493398,0.05807521378234835,0.07400533035886195,0.04557415580081372,0.04557415580081372,0.04557415580081372,0.04037221156493398,0.035764029810392825,0.035764029810392825,0.07400533035886195,10053021.448125008
2019-10-23 15:30:00,0.066236784774775,0.032009780021824565,0.05197889689022678,0.02835610640460891,0.1214170576531823,0.05197889689022678,0.04079010977226294,0.066236784774775,0.04079010977226294,0.04079010977226294,0.05867635815341791,0.0747713695152756,0.04604590003456862,0.04604590003456862,0.04604590003456862,0.04079010977226294,0.03613422810682709,0.03613422810682709,0.0747713695152756,10061634.703094723
2019-10-24 10:30:00,0.06770955926015297,0.03272151727566329,0.0531346473297797,0.02567800321749922,0.10994977775125553,0.0531346473297797,0.04169707760188551,0.06770955926015297,0.03693767243742856,0.04169707760188551,0.05998102660127656,0.07643391043771489,0.047069730327022725,0.047069730327022725,0.047069730327022725,0.04169707760188551,0.03693767243742856,0.03693767243742856,0.07643391043771489,10068114.140638826
2019-10-24 11:30:00,0.06419261565331558,0.031021908944932536,0.05686551543354922,0.024344246356002706,0.11766994038417478,0.050374748132828315,0.0395312642056956,0.06419261565331558,0.03501907021420129,0.04462485269145667,0.06419261565331558,0.07246380997336731,0.04462485269145667,0.04462485269145667,0.050374748132828315,0.0395312642056956,0.0395312642056956,0.03501907021420129,0.0818007445625106,10084309.653743614
2019-10-24 12:30:00,0.06419261565331558,0.031021908944932536,0.05686551543354922,0.024344246356002706,0.11766994038417478,0.050374748132828315,0.0395312642056956,0.06419261565331558,0.03501907021420129,0.04462485269145667,0.06419261565331558,0.07246380997336731,0.04462485269145667,0.04462485269145667,0.050374748132828315,0.0395312642056956,0.0395312642056956,0.03501907021420129,0.0818007445625106,10070925.555139452
2019-10-24 13:30:00,0.06419261565331558,0.031021908944932536,0.05686551543354922,0.024344246356002706,0.11766994038417478,0.050374748132828315,0.0395312642056956,0.06419261565331558,0.03501907021420129,0.04462485269145667,0.06419261565331558,0.07246380997336731,0.04462485269145667,0.04462485269145667,0.050374748132828315,0.0395312642056956,0.0395312642056956,0.03501907021420129,0.0818007445625106,10067222.797128439
2019-10-24 14:30:00,0.06419261565331558,0.031021908944932536,0.05686551543354922,0.024344246356002706,0.11766994038417478,0.050374748132828315,0.0395312642056956,0.06419261565331558,0.03501907021420129,0.04462485269145667,0.06419261565331558,0.07246380997336731,0.04462485269145667,0.04462485269145667,0.050374748132828315,0.0395312642056956,0.0395312642056956,0.03501907021420129,0.0818007445625106,10066890.921559155
2019-10-24 15:30:00,0.06799850067115035,0.029110300672675723,0.06023698754163146,0.022844123884539054,0.12464641670625327,0.04727059405209441,0.041875014256154156,0.06799850067115035,0.03709529897214019,0.041875014256154156,0.06023698754163146,0.06799850067115035,0.041875014256154156,0.041875014256154156,0.053361392270081645,0.03709529897214019,0.03709529897214019,0.03286115193692697,0.08665058943967768,10090534.250847593
2019-10-25 10:30:00,0.06799850067115035,0.029110300672675723,0.06023698754163146,0.022844123884539054,0.12464641670625327,0.04727059405209441,0.041875014256154156,0.06799850067115035,0.03709529897214019,0.041875014256154156,0.06023698754163146,0.06799850067115035,0.041875014256154156,0.041875014256154156,0.053361392270081645,0.03709529897214019,0.03709529897214019,0.03286115193692697,0.08665058943967768,10080387.38315038
2019-10-25 11:30:00,0.06428082569160017,0.031064537582943984,0.05694365696497639,0.021595169467058382,0.13301419796001002,0.05044397040109311,0.03958558594182573,0.07256338584182107,0.035067191536145355,0.03958558594182573,0.05694365696497639,0.07256338584182107,0.04468617376280257,0.03958558594182573,0.05044397040109311,0.035067191536145355,0.03958558594182573,0.035067191536145355,0.08191315074406481,10111308.107004976
2019-10-25 12:30:00,0.06428082569160017,0.031064537582943984,0.05694365696497639,0.021595169467058382,0.13301419796001002,0.05044397040109311,0.03958558594182573,0.07256338584182107,0.035067191536145355,0.03958558594182573,0.05694365696497639,0.07256338584182107,0.04468617376280257,0.03958558594182573,0.05044397040109311,0.035067191536145355,0.03958558594182573,0.035067191536145355,0.08191315074406481,10106287.82143571
2019-10-25 13:30:00,0.06428082569160017,0.031064537582943984,0.05694365696497639,0.021595169467058382,0.13301419796001002,0.05044397040109311,0.03958558594182573,0.07256338584182107,0.035067191536145355,0.03958558594182573,0.05694365696497639,0.07256338584182107,0.04468617376280257,0.03958558594182573,0.05044397040109311,0.035067191536145355,0.03958558594182573,0.035067191536145355,0.08191315074406481,10108057.284614565
2019-10-25 14:30:00,0.06428082569160017,0.031064537582943984,0.05694365696497639,0.021595169467058382,0.13301419796001002,0.05044397040109311,0.03958558594182573,0.07256338584182107,0.035067191536145355,0.03958558594182573,0.05694365696497639,0.07256338584182107,0.04468617376280257,0.03958558594182573,0.05044397040109311,0.035067191536145355,0.03958558594182573,0.035067191536145355,0.08191315074406481,10094687.0487286
2019-10-25 15:30:00,0.06428082569160017,0.031064537582943984,0.05694365696497639,0.021595169467058382,0.13301419796001002,0.05044397040109311,0.03958558594182573,0.07256338584182107,0.035067191536145355,0.03958558594182573,0.05694365696497639,0.07256338584182107,0.04468617376280257,0.03958558594182573,0.05044397040109311,0.035067191536145355,0.03958558594182573,0.035067191536145355,0.08191315074406481,10099560.913492026
2019-10-28 10:30:00,0.060053389907719745,0.0290215747495497,0.053198750913618545,0.022774496778915805,0.14027819636290922,0.04712651697294818,0.04174738248286642,0.07652612310557104,0.03276099371206449,0.036982235397773594,0.053198750913618545,0.07652612310557104,0.04174738248286642,0.04174738248286642,0.053198750913618545,0.03276099371206449,0.036982235397773594,0.036982235397773594,0.08638648520991046,10110851.488804381
2019-10-28 11:30:00,0.060053389907719745,0.0290215747495497,0.053198750913618545,0.022774496778915805,0.14027819636290922,0.04712651697294818,0.04174738248286642,0.07652612310557104,0.03276099371206449,0.036982235397773594,0.053198750913618545,0.07652612310557104,0.04174738248286642,0.04174738248286642,0.053198750913618545,0.03276099371206449,0.036982235397773594,0.036982235397773594,0.08638648520991046,10111904.69001725
2019-10-28 12:30:00,0.060053389907719745,0.0290215747495497,0.053198750913618545,0.022774496778915805,0.14027819636290922,0.04712651697294818,0.04174738248286642,0.07652612310557104,0.03276099371206449,0.036982235397773594,0.053198750913618545,0.07652612310557104,0.04174738248286642,0.04174738248286642,0.053198750913618545,0.03276099371206449,0.036982235397773594,0.036982235397773594,0.08638648520991046,10111791.029548824
2019-10-28 13:30:00,0.060053389907719745,0.0290215747495497,0.053198750913618545,0.022774496778915805,0.14027819636290922,0.04712651697294818,0.04174738248286642,0.07652612310557104,0.03276099371206449,0.036982235397773594,0.053198750913618545,0.07652612310557104,0.04174738248286642,0.04174738248286642,0.053198750913618545,0.03276099371206449,0.036982235397773594,0.036982235397773594,0.08638648520991046,10111983.880480938
2019-10-28 14:30:00,0.060053389907719745,0.0290215747495497,0.053198750913618545,0.022774496778915805,0.14027819636290922,0.04712651697294818,0.04174738248286642,0.07652612310557104,0.03276099371206449,0.036982235397773594,0.053198750913618545,0.07652612310557104,0.04174738248286642,0.04174738248286642,0.053198750913618545,0.03276099371206449,0.036982235397773594,0.036982235397773594,0.08638648520991046,10111580.952696528
2019-10-28 15:30:00,0.060053389907719745,0.0290215747495497,0.053198750913618545,0.022774496778915805,0.14027819636290922,0.04712651697294818,0.04174738248286642,0.07652612310557104,0.03276099371206449,0.036982235397773594,0.053198750913618545,0.07652612310557104,0.04174738248286642,0.04174738248286642,0.053198750913618545,0.03276099371206449,0.036982235397773594,0.036982235397773594,0.08638648520991046,10108966.615973037
2019-10-29 10:30:00,0.06202807068049005,0.029975864686246263,0.05494803685277941,0.023523369756243986,0.1448908361759554,0.04312012353260701,0.03819828846798772,0.0700203641970378,0.03383824354724401,0.03819828846798772,0.05494803685277941,0.0700203641970378,0.04312012353260701,0.04312012353260701,0.05494803685277941,0.03383824354724401,0.03383824354724401,0.03819828846798772,0.08922705310513411,10125086.910533966
2019-10-29 11:30:00,0.05860132199846114,0.028319844215524442,0.05860132199846114,0.02508734878496006,0.13688632343749635,0.04073794680418006,0.04073794680418006,0.066152080239548,0.03608801914593047,0.04073794680418006,0.05191242554326043,0.07467575083262648,0.04073794680418006,0.04073794680418006,0.05191242554326043,0.03608801914593047,0.03608801914593047,0.04073794680418006,0.09515941914352975,10149963.941006958
2019-10-29 12:30:00,0.05860132199846114,0.028319844215524442,0.05860132199846114,0.02508734878496006,0.13688632343749635,0.04073794680418006,0.04073794680418006,0.066152080239548,0.03608801914593047,0.04073794680418006,0.05191242554326043,0.07467575083262648,0.04073794680418006,0.04073794680418006,0.05191242554326043,0.03608801914593047,0.03608801914593047,0.04073794680418006,0.09515941914352975,10144184.851850996
2019-10-29 13:30:00,0.05860132199846114,0.028319844215524442,0.05860132199846114,0.02508734878496006,0.13688632343749635,0.04073794680418006,0.04073794680418006,0.066152080239548,0.03608801914593047,0.04073794680418006,0.05191242554326043,0.07467575083262648,0.04073794680418006,0.04073794680418006,0.05191242554326043,0.03608801914593047,0.03608801914593047,0.04073794680418006,0.09515941914352975,10136661.474149713
2019-10-29 14:30:00,0.05860132199846114,0.028319844215524442,0.05860132199846114,0.02508734878496006,0.13688632343749635,0.04073794680418006,0.04073794680418006,0.066152080239548,0.03608801914593047,0.04073794680418006,0.05191242554326043,0.07467575083262648,0.04073794680418006,0.04073794680418006,0.05191242554326043,0.03608801914593047,0.03608801914593047,0.04073794680418006,0.09515941914352975,10122971.183578895
2019-10-29 15:30:00,0.05860132199846114,0.028319844215524442,0.05860132199846114,0.02508734878496006,0.13688632343749635,0.04073794680418006,0.04073794680418006,0.066152080239548,0.03608801914593047,0.04073794680418006,0.05191242554326043,0.07467575083262648,0.04073794680418006,0.04073794680418006,0.05191242554326043,0.03608801914593047,0.03608801914593047,0.04073794680418006,0.09515941914352975,10120662.117248379
2019-10-30 10:30:00,0.05860132199846114,0.028319844215524442,0.05860132199846114,0.02508734878496006,0.13688632343749635,0.04073794680418006,0.04073794680418006,0.066152080239548,0.03608801914593047,0.04073794680418006,0.05191242554326043,0.07467575083262648,0.04073794680418006,0.04073794680418006,0.05191242554326043,0.03608801914593047,0.03608801914593047,0.04073794680418006,0.09515941914352975,10098835.48991438
2019-10-30 11:30:00,0.05915142166168,0.028585686968453802,0.05915142166168,0.025322847603877884,0.1381712965038755,0.036426782957076805,0.036426782957076805,0.06677306003693137,0.036426782957076805,0.0411203602046456,0.05239973550205234,0.07537674364273275,0.0411203602046456,0.0411203602046456,0.05239973550205234,0.036426782957076805,0.036426782957076805,0.0411203602046456,0.09605269531269763,10102145.717988955
2019-10-30 12:30:00,0.055979057386321716,0.027052601041221633,0.06319193782098396,0.027052601041221633,0.1476095034073211,0.03891502416979607,0.03891502416979607,0.07133419517969293,0.034473169304640734,0.04392921035931408,0.04958947254851418,0.07133419517969293,0.03891502416979607,0.03891502416979607,0.04958947254851418,0.03891502416979607,0.034473169304640734,0.03891502416979607,0.09090126985914376,10124529.990330065
2019-10-30 13:30:00,0.055979057386321716,0.027052601041221633,0.06319193782098396,0.027052601041221633,0.1476095034073211,0.03891502416979607,0.03891502416979607,0.07133419517969293,0.034473169304640734,0.04392921035931408,0.04958947254851418,0.07133419517969293,0.03891502416979607,0.03891502416979607,0.04958947254851418,0.03891502416979607,0.034473169304640734,0.03891502416979607,0.09090126985914376,10124783.544091422
2019-10-30 14:30:00,0.055979057386321716,0.027052601041221633,0.06319193782098396,0.027052601041221633,0.1476095034073211,0.03891502416979607,0.03891502416979607,0.07133419517969293,0.034473169304640734,0.04392921035931408,0.04958947254851418,0.07133419517969293,0.03891502416979607,0.03891502416979607,0.04958947254851418,0.03891502416979607,0.034473169304640734,0.03891502416979607,0.09090126985914376,10122824.091554578
2019-10-30 15:30:00,0.05267472206213257,0.02545573840356052,0.05946184013632981,0.02545573840356052,0.15679314915284406,0.03661794567276958,0.04133615416416841,0.06712347581498178,0.03243828489628143,0.04133615416416841,0.05267472206213257,0.07577231036164402,0.03661794567276958,0.03661794567276958,0.05267472206213257,0.03661794567276958,0.03243828489628143,0.04133615416416841,0.09655676656453513,10152853.3682434
2019-10-31 10:30:00,0.05267472206213257,0.02545573840356052,0.05946184013632981,0.02545573840356052,0.15679314915284406,0.03661794567276958,0.04133615416416841,0.06712347581498178,0.03243828489628143,0.04133615416416841,0.05267472206213257,0.07577231036164402,0.03661794567276958,0.03661794567276958,0.05267472206213257,0.03661794567276958,0.03243828489628143,0.04133615416416841,0.09655676656453513,10098186.633647263
2019-10-31 11:30:00,0.05267472206213257,0.02545573840356052,0.05946184013632981,0.02545573840356052,0.15679314915284406,0.03661794567276958,0.04133615416416841,0.06712347581498178,0.03243828489628143,0.04133615416416841,0.05267472206213257,0.07577231036164402,0.03661794567276958,0.03661794567276958,0.05267472206213257,0.03661794567276958,0.03243828489628143,0.04133615416416841,0.09655676656453513,10090582.605415924
2019-10-31 12:30:00,0.05267472206213257,0.02545573840356052,0.05946184013632981,0.02545573840356052,0.15679314915284406,0.03661794567276958,0.04133615416416841,0.06712347581498178,0.03243828489628143,0.04133615416416841,0.05267472206213257,0.07577231036164402,0.03661794567276958,0.03661794567276958,0.05267472206213257,0.03661794567276958,0.03243828489628143,0.04133615416416841,0.09655676656453513,10083543.976407636
2019-10-31 13:30:00,0.05643876138135362,0.024161552051715388,0.05643876138135362,0.027274758922316875,0.14882168313290545,0.03923459711212271,0.04428996015474934,0.0637108745024225,0.03475626541934286,0.04428996015474934,0.05643876138135362,0.07191999665684506,0.03923459711212271,0.03475626541934286,0.049996704819053404,0.03475626541934286,0.030789101324212684,0.03923459711212271,0.10345653654257238,10097977.423288256
2019-10-31 14:30:00,0.05643876138135362,0.024161552051715388,0.05643876138135362,0.027274758922316875,0.14882168313290545,0.03923459711212271,0.04428996015474934,0.0637108745024225,0.03475626541934286,0.04428996015474934,0.05643876138135362,0.07191999665684506,0.03923459711212271,0.03475626541934286,0.049996704819053404,0.03475626541934286,0.030789101324212684,0.03923459711212271,0.10345653654257238,10096347.827875542
2019-10-31 15:30:00,0.05643876138135362,0.024161552051715388,0.05643876138135362,0.027274758922316875,0.14882168313290545,0.03923459711212271,0.04428996015474934,0.0637108745024225,0.03475626541934286,0.04428996015474934,0.05643876138135362,0.07191999665684506,0.03923459711212271,0.03475626541934286,0.049996704819053404,0.03475626541934286,0.030789101324212684,0.03923459711212271,0.10345653654257238,10093028.836625064
2019-11-01 10:30:00,0.05242988547764497,0.022445343874114856,0.05918545645025825,0.02533741796821041,0.15606436127116607,0.036447742349458294,0.04644541169517283,0.0668114801951835,0.036447742349458294,0.041144020206831715,0.05242988547764497,0.07542011422388752,0.036447742349458294,0.032287508991450393,0.04644541169517283,0.032287508991450393,0.032287508991450393,0.041144020206831715,0.10849143723515416,10232406.566740181
2019-11-01 11:30:00,0.05242988547764497,0.022445343874114856,0.05918545645025825,0.02533741796821041,0.15606436127116607,0.036447742349458294,0.04644541169517283,0.0668114801951835,0.036447742349458294,0.041144020206831715,0.05242988547764497,0.07542011422388752,0.036447742349458294,0.032287508991450393,0.04644541169517283,0.032287508991450393,0.032287508991450393,0.041144020206831715,0.10849143723515416,10238633.632741803
2019-11-01 12:30:00,0.05242988547764497,0.022445343874114856,0.05918545645025825,0.02533741796821041,0.15606436127116607,0.036447742349458294,0.04644541169517283,0.0668114801951835,0.036447742349458294,0.041144020206831715,0.05242988547764497,0.07542011422388752,0.036447742349458294,0.032287508991450393,0.04644541169517283,0.032287508991450393,0.032287508991450393,0.041144020206831715,0.10849143723515416,10235140.552443126
2019-11-01 13:30:00,0.05445793798207564,0.023313557402372807,0.05445793798207564,0.023313557402372807,0.16210112285942693,0.03785758588581658,0.04273552155120122,0.06939583048510232,0.03785758588581658,0.04273552155120122,0.05445793798207564,0.06939583048510232,0.03785758588581658,0.03353642958083178,0.04273552155120122,0.0297085004950476,0.03353642958083178,0.03785758588581658,0.11268801956581465,10245033.459383138
2019-11-01 14:30:00,0.05811393356555628,0.022038982226193257,0.05148066880346395,0.02487869677519209,0.15323889460049855,0.03578787432840166,0.04560454090519069,0.06560189199085634,0.04039912844009654,0.04560454090519069,0.05811393356555628,0.06560189199085634,0.04039912844009654,0.03170295990035001,0.04560454090519069,0.028084307472980033,0.03170295990035001,0.03578787432840166,0.12025325095557825,10263239.496679915
2019-11-01 15:30:00,0.05811393356555628,0.022038982226193257,0.05148066880346395,0.02487869677519209,0.15323889460049855,0.03578787432840166,0.04560454090519069,0.06560189199085634,0.04039912844009654,0.04560454090519069,0.05811393356555628,0.06560189199085634,0.04039912844009654,0.03170295990035001,0.04560454090519069,0.028084307472980033,0.03170295990035001,0.03578787432840166,0.12025325095557825,10262680.48719236
2019-11-04 10:30:00,0.05451495449978373,0.020674114443262556,0.05451495449978373,0.023337966293119065,0.16227083992702976,0.037897222122442994,0.04829248590225607,0.06153918582962517,0.04278026490197022,0.04278026490197022,0.05451495449978373,0.06946848671749628,0.037897222122442994,0.029739604780434133,0.04278026490197022,0.02634505444929758,0.029739604780434133,0.03357154164166102,0.12734101278523638,10303700.620117031
2019-11-04 11:30:00,0.052778464415874284,0.02001557230461917,0.052778464415874284,0.02550587323322519,0.1571019517379722,0.04141756531850849,0.052778464415874284,0.05957894965323015,0.04141756531850849,0.04141756531850849,0.052778464415874284,0.07592154319131308,0.03669006436128964,0.02879229538112399,0.046754202991335966,0.02550587323322519,0.02879229538112399,0.03669006436128964,0.1232847605512292,10317446.16681325
2019-11-04 12:30:00,0.052778464415874284,0.02001557230461917,0.052778464415874284,0.02550587323322519,0.1571019517379722,0.04141756531850849,0.052778464415874284,0.05957894965323015,0.04141756531850849,0.04141756531850849,0.052778464415874284,0.07592154319131308,0.03669006436128964,0.02879229538112399,0.046754202991335966,0.02550587323322519,0.02879229538112399,0.03669006436128964,0.1232847605512292,10290327.060052816
2019-11-04 13:30:00,0.052778464415874284,0.02001557230461917,0.052778464415874284,0.02550587323322519,0.1571019517379722,0.04141756531850849,0.052778464415874284,0.05957894965323015,0.04141756531850849,0.04141756531850849,0.052778464415874284,0.07592154319131308,0.03669006436128964,0.02879229538112399,0.046754202991335966,0.02550587323322519,0.02879229538112399,0.03669006436128964,0.1232847605512292,10296671.059326814
2019-11-04 14:30:00,0.052778464415874284,0.02001557230461917,0.052778464415874284,0.02550587323322519,0.1571019517379722,0.04141756531850849,0.052778464415874284,0.05957894965323015,0.04141756531850849,0.04141756531850849,0.052778464415874284,0.07592154319131308,0.03669006436128964,0.02879229538112399,0.046754202991335966,0.02550587323322519,0.02879229538112399,0.03669006436128964,0.1232847605512292,10295997.743517324
2019-11-04 15:30:00,0.052778464415874284,0.02001557230461917,0.052778464415874284,0.02550587323322519,0.1571019517379722,0.04141756531850849,0.052778464415874284,0.05957894965323015,0.04141756531850849,0.04141756531850849,0.052778464415874284,0.07592154319131308,0.03669006436128964,0.02879229538112399,0.046754202991335966,0.02550587323322519,0.02879229538112399,0.03669006436128964,0.1232847605512292,10284667.452378243
2019-11-05 10:30:00,0.05664581922891778,0.019030185948726613,0.05018012858371019,0.024250193950282824,0.16861363545057437,0.04445244748781428,0.05018012858371019,0.06394461167556428,0.03937853774847351,0.03937853774847351,0.05018012858371019,0.07218385077660444,0.034883776323745445,0.02737482229608808,0.04445244748781428,0.02737482229608808,0.030902057825960658,0.03937853774847351,0.11721533025526777,10329649.443540815
2019-11-05 11:30:00,0.05664581922891778,0.019030185948726613,0.05018012858371019,0.024250193950282824,0.16861363545057437,0.04445244748781428,0.05018012858371019,0.06394461167556428,0.03937853774847351,0.03937853774847351,0.05018012858371019,0.07218385077660444,0.034883776323745445,0.02737482229608808,0.04445244748781428,0.02737482229608808,0.030902057825960658,0.03937853774847351,0.11721533025526777,10333066.635867093
2019-11-05 12:30:00,0.05664581922891778,0.019030185948726613,0.05018012858371019,0.024250193950282824,0.16861363545057437,0.04445244748781428,0.05018012858371019,0.06394461167556428,0.03937853774847351,0.03937853774847351,0.05018012858371019,0.07218385077660444,0.034883776323745445,0.02737482229608808,0.04445244748781428,0.02737482229608808,0.030902057825960658,0.03937853774847351,0.11721533025526777,10331177.817875937
2019-11-05 13:30:00,0.051733968894866124,0.019619460446232063,0.051733968894866124,0.025001107309351647,0.17383479910974256,0.04582892871226716,0.04582892871226716,0.06592467266996674,0.04059790408082319,0.035963961237316565,0.04582892871226716,0.07441904188345952,0.035963961237316565,0.025001107309351647,0.04582892871226716,0.028222490558305335,0.03185894782411098,0.035963961237316565,0.12084493245790574,10351673.760452043
2019-11-05 14:30:00,0.049201527080906755,0.018659063572326443,0.049201527080906755,0.023777272160067937,0.18662748216745015,0.04358554592453317,0.04358554592453317,0.06269757834089476,0.04358554592453317,0.03420348081838562,0.04358554592453317,0.07077613766701599,0.03861058642378584,0.023777272160067937,0.04358554592453317,0.03029941289296181,0.03029941289296181,0.03420348081838562,0.12973803630121686,10367435.223284712
2019-11-05 15:30:00,0.049201527080906755,0.018659063572326443,0.049201527080906755,0.023777272160067937,0.18662748216745015,0.04358554592453317,0.04358554592453317,0.06269757834089476,0.04358554592453317,0.03420348081838562,0.04358554592453317,0.07077613766701599,0.03861058642378584,0.023777272160067937,0.04358554592453317,0.03029941289296181,0.03029941289296181,0.03420348081838562,0.12973803630121686,10360468.918099262
2019-11-06 10:30:00,0.050515270874571035,0.016970625742184126,0.04474933582799829,0.024412155782260993,0.19161067498627274,0.0396415385363204,0.04474933582799829,0.06437168398984514,0.04474933582799829,0.031108446026716863,0.04474933582799829,0.07266595119753247,0.0351167575663406,0.024412155782260993,0.0396415385363204,0.031108446026716863,0.031108446026716863,0.0351167575663406,0.13320220804760677,10388917.321190141
2019-11-06 11:30:00,0.053998542982795134,0.016070193985016957,0.04237501423822275,0.026095491927267726,0.2048231572369352,0.037538227748413346,0.04237501423822275,0.060956234883410114,0.04237501423822275,0.029457886221550145,0.04237501423822275,0.06881042276169078,0.037538227748413346,0.023116889440217975,0.037538227748413346,0.029457886221550145,0.029457886221550145,0.03325352375270021,0.14238714416718434,10401830.90699393
2019-11-06 12:30:00,0.053998542982795134,0.016070193985016957,0.04237501423822275,0.026095491927267726,0.2048231572369352,0.037538227748413346,0.04237501423822275,0.060956234883410114,0.04237501423822275,0.029457886221550145,0.04237501423822275,0.06881042276169078,0.037538227748413346,0.023116889440217975,0.037538227748413346,0.029457886221550145,0.029457886221550145,0.03325352375270021,0.14238714416718434,10396206.804875778
2019-11-06 13:30:00,0.05736177152400565,0.017071104974234187,0.0398762471092348,0.024556694628556495,0.2175802993794481,0.03532467593576072,0.0398762471092348,0.05736177152400565,0.0398762471092348,0.02772081547117666,0.04501428651202468,0.07309618983949168,0.0398762471092348,0.021753734182430193,0.03532467593576072,0.02772081547117666,0.03129263209118622,0.03532467593576072,0.1339908681580426,10408406.18631424
2019-11-06 14:30:00,0.05736177152400565,0.017071104974234187,0.0398762471092348,0.024556694628556495,0.2175802993794481,0.03532467593576072,0.0398762471092348,0.05736177152400565,0.0398762471092348,0.02772081547117666,0.04501428651202468,0.07309618983949168,0.0398762471092348,0.021753734182430193,0.03532467593576072,0.02772081547117666,0.03129263209118622,0.03532467593576072,0.1339908681580426,10409543.55720405
2019-11-06 15:30:00,0.06003054563654795,0.01786534339848965,0.04173150180522913,0.02276583337488453,0.20171268634703787,0.03696816737904453,0.03696816737904453,0.06003054563654795,0.03696816737904453,0.02569920242029845,0.04710859007598588,0.07649701261721,0.03696816737904453,0.02276583337488453,0.03696816737904453,0.029010534961047673,0.03274853145097706,0.03696816737904453,0.14022483462659216,10417316.757490315
2019-11-07 10:30:00,0.05717059267131529,0.019206483799578063,0.0448642601195092,0.02447485056097936,0.19210276544217053,0.03974334509157744,0.03974334509157744,0.06453700197812393,0.0352069436754481,0.027628425826355406,0.0448642601195092,0.0822395965628499,0.03974334509157744,0.021681231994435744,0.0352069436754481,0.027628425826355406,0.0352069436754481,0.0352069436754481,0.13354429512229318,10481171.635242833
2019-11-07 11:30:00,0.05717059267131529,0.019206483799578063,0.0448642601195092,0.02447485056097936,0.19210276544217053,0.03974334509157744,0.03974334509157744,0.06453700197812393,0.0352069436754481,0.027628425826355406,0.0448642601195092,0.0822395965628499,0.03974334509157744,0.021681231994435744,0.0352069436754481,0.027628425826355406,0.0352069436754481,0.0352069436754481,0.13354429512229318,10469683.826138064
2019-11-07 12:30:00,0.05280509231213724,0.020025670601128358,0.04677779151519488,0.025518741507322727,0.20029625112303184,0.036708575305829355,0.036708575305829355,0.05960900854388527,0.03251856984409117,0.028806821727486397,0.04677779151519488,0.07595984727989534,0.036708575305829355,0.02260597070645246,0.036708575305829355,0.028806821727486397,0.036708575305829355,0.036708575305829355,0.1392401697617169,10483123.13175454
2019-11-07 13:30:00,0.05280509231213724,0.020025670601128358,0.04677779151519488,0.025518741507322727,0.20029625112303184,0.036708575305829355,0.036708575305829355,0.05960900854388527,0.03251856984409117,0.028806821727486397,0.04677779151519488,0.07595984727989534,0.036708575305829355,0.02260597070645246,0.036708575305829355,0.028806821727486397,0.036708575305829355,0.036708575305829355,0.1392401697617169,10486996.049056472
2019-11-07 14:30:00,0.05280509231213724,0.020025670601128358,0.04677779151519488,0.025518741507322727,0.20029625112303184,0.036708575305829355,0.036708575305829355,0.05960900854388527,0.03251856984409117,0.028806821727486397,0.04677779151519488,0.07595984727989534,0.036708575305829355,0.02260597070645246,0.036708575305829355,0.028806821727486397,0.036708575305829355,0.036708575305829355,0.1392401697617169,10482053.909836577
2019-11-07 15:30:00,0.05280509231213724,0.020025670601128358,0.04677779151519488,0.025518741507322727,0.20029625112303184,0.036708575305829355,0.036708575305829355,0.05960900854388527,0.03251856984409117,0.028806821727486397,0.04677779151519488,0.07595984727989534,0.036708575305829355,0.02260597070645246,0.036708575305829355,0.028806821727486397,0.036708575305829355,0.036708575305829355,0.1392401697617169,10472497.658019463
2019-11-08 10:30:00,0.05280509231213724,0.020025670601128358,0.04677779151519488,0.025518741507322727,0.20029625112303184,0.036708575305829355,0.036708575305829355,0.05960900854388527,0.03251856984409117,0.028806821727486397,0.04677779151519488,0.07595984727989534,0.036708575305829355,0.02260597070645246,0.036708575305829355,0.028806821727486397,0.036708575305829355,0.036708575305829355,0.1392401697617169,10459434.714196006
2019-11-08 11:30:00,0.05280509231213724,0.020025670601128358,0.04677779151519488,0.025518741507322727,0.20029625112303184,0.036708575305829355,0.036708575305829355,0.05960900854388527,0.03251856984409117,0.028806821727486397,0.04677779151519488,0.07595984727989534,0.036708575305829355,0.02260597070645246,0.036708575305829355,0.028806821727486397,0.036708575305829355,0.036708575305829355,0.1392401697617169,10429416.183445485
2019-11-08 12:30:00,0.05280509231213724,0.020025670601128358,0.04677779151519488,0.025518741507322727,0.20029625112303184,0.036708575305829355,0.036708575305829355,0.05960900854388527,0.03251856984409117,0.028806821727486397,0.04677779151519488,0.07595984727989534,0.036708575305829355,0.02260597070645246,0.036708575305829355,0.028806821727486397,0.036708575305829355,0.036708575305829355,0.1392401697617169,10436749.283829626
2019-11-08 13:30:00,0.05280509231213724,0.020025670601128358,0.04677779151519488,0.025518741507322727,0.20029625112303184,0.036708575305829355,0.036708575305829355,0.05960900854388527,0.03251856984409117,0.028806821727486397,0.04677779151519488,0.07595984727989534,0.036708575305829355,0.02260597070645246,0.036708575305829355,0.028806821727486397,0.036708575305829355,0.036708575305829355,0.1392401697617169,10440705.775292294
2019-11-08 14:30:00,0.05280509231213724,0.020025670601128358,0.04677779151519488,0.025518741507322727,0.20029625112303184,0.036708575305829355,0.036708575305829355,0.05960900854388527,0.03251856984409117,0.028806821727486397,0.04677779151519488,0.07595984727989534,0.036708575305829355,0.02260597070645246,0.036708575305829355,0.028806821727486397,0.036708575305829355,0.036708575305829355,0.1392401697617169,10436507.405943334
2019-11-08 15:30:00,0.054416503771817684,0.020636778236424107,0.048205272578205956,0.02629747686599705,0.20640853424305397,0.033510913457268476,0.033510913457268476,0.061428049762486225,0.033510913457268476,0.029685896843466713,0.04270300631740705,0.07827785418079922,0.03782878201935421,0.023295819330108877,0.03782878201935421,0.029685896843466713,0.03782878201935421,0.03782878201935421,0.1271110425775443,10448966.199619042
2019-11-11 10:30:00,0.054416503771817684,0.020636778236424107,0.048205272578205956,0.02629747686599705,0.20640853424305397,0.033510913457268476,0.033510913457268476,0.061428049762486225,0.033510913457268476,0.029685896843466713,0.04270300631740705,0.07827785418079922,0.03782878201935421,0.023295819330108877,0.03782878201935421,0.029685896843466713,0.03782878201935421,0.03782878201935421,0.1271110425775443,10429993.423768569
2019-11-11 11:30:00,0.054416503771817684,0.020636778236424107,0.048205272578205956,0.02629747686599705,0.20640853424305397,0.033510913457268476,0.033510913457268476,0.061428049762486225,0.033510913457268476,0.029685896843466713,0.04270300631740705,0.07827785418079922,0.03782878201935421,0.023295819330108877,0.03782878201935421,0.029685896843466713,0.03782878201935421,0.03782878201935421,0.1271110425775443,10422911.657727148
2019-11-11 12:30:00,0.054416503771817684,0.020636778236424107,0.048205272578205956,0.02629747686599705,0.20640853424305397,0.033510913457268476,0.033510913457268476,0.061428049762486225,0.033510913457268476,0.029685896843466713,0.04270300631740705,0.07827785418079922,0.03782878201935421,0.023295819330108877,0.03782878201935421,0.029685896843466713,0.03782878201935421,0.03782878201935421,0.1271110425775443,10425170.88918162
2019-11-11 13:30:00,0.054416503771817684,0.020636778236424107,0.048205272578205956,0.02629747686599705,0.20640853424305397,0.033510913457268476,0.033510913457268476,0.061428049762486225,0.033510913457268476,0.029685896843466713,0.04270300631740705,0.07827785418079922,0.03782878201935421,0.023295819330108877,0.03782878201935421,0.029685896843466713,0.03782878201935421,0.03782878201935421,0.1271110425775443,10430059.584088419
2019-11-11 14:30:00,0.054416503771817684,0.020636778236424107,0.048205272578205956,0.02629747686599705,0.20640853424305397,0.033510913457268476,0.033510913457268476,0.061428049762486225,0.033510913457268476,0.029685896843466713,0.04270300631740705,0.07827785418079922,0.03782878201935421,0.023295819330108877,0.03782878201935421,0.029685896843466713,0.03782878201935421,0.03782878201935421,0.1271110425775443,10425992.2298803
2019-11-11 15:30:00,0.054416503771817684,0.020636778236424107,0.048205272578205956,0.02629747686599705,0.20640853424305397,0.033510913457268476,0.033510913457268476,0.061428049762486225,0.033510913457268476,0.029685896843466713,0.04270300631740705,0.07827785418079922,0.03782878201935421,0.023295819330108877,0.03782878201935421,0.029685896843466713,0.03782878201935421,0.03782878201935421,0.1271110425775443,10415211.685870728
2019-11-12 10:30:00,0.054416503771817684,0.020636778236424107,0.048205272578205956,0.02629747686599705,0.20640853424305397,0.033510913457268476,0.033510913457268476,0.061428049762486225,0.033510913457268476,0.029685896843466713,0.04270300631740705,0.07827785418079922,0.03782878201935421,0.023295819330108877,0.03782878201935421,0.029685896843466713,0.03782878201935421,0.03782878201935421,0.1271110425775443,10415203.916845692
2019-11-12 11:30:00,0.054416503771817684,0.020636778236424107,0.048205272578205956,0.02629747686599705,0.20640853424305397,0.033510913457268476,0.033510913457268476,0.061428049762486225,0.033510913457268476,0.029685896843466713,0.04270300631740705,0.07827785418079922,0.03782878201935421,0.023295819330108877,0.03782878201935421,0.029685896843466713,0.03782878201935421,0.03782878201935421,0.1271110425775443,10423512.87926176
2019-11-12 12:30:00,0.054416503771817684,0.020636778236424107,0.048205272578205956,0.02629747686599705,0.20640853424305397,0.033510913457268476,0.033510913457268476,0.061428049762486225,0.033510913457268476,0.029685896843466713,0.04270300631740705,0.07827785418079922,0.03782878201935421,0.023295819330108877,0.03782878201935421,0.029685896843466713,0.03782878201935421,0.03782878201935421,0.1271110425775443,10407592.539272625
2019-11-12 13:30:00,0.054416503771817684,0.020636778236424107,0.048205272578205956,0.02629747686599705,0.20640853424305397,0.033510913457268476,0.033510913457268476,0.061428049762486225,0.033510913457268476,0.029685896843466713,0.04270300631740705,0.07827785418079922,0.03782878201935421,0.023295819330108877,0.03782878201935421,0.029685896843466713,0.03782878201935421,0.03782878201935421,0.1271110425775443,10418610.932431305
2019-11-12 14:30:00,0.054416503771817684,0.020636778236424107,0.048205272578205956,0.02629747686599705,0.20640853424305397,0.033510913457268476,0.033510913457268476,0.061428049762486225,0.033510913457268476,0.029685896843466713,0.04270300631740705,0.07827785418079922,0.03782878201935421,0.023295819330108877,0.03782878201935421,0.029685896843466713,0.03782878201935421,0.03782878201935421,0.1271110425775443,10400571.68279565
2019-11-12 15:30:00,0.054416503771817684,0.020636778236424107,0.048205272578205956,0.02629747686599705,0.20640853424305397,0.033510913457268476,0.033510913457268476,0.061428049762486225,0.033510913457268476,0.029685896843466713,0.04270300631740705,0.07827785418079922,0.03782878201935421,0.023295819330108877,0.03782878201935421,0.029685896843466713,0.03782878201935421,0.03782878201935421,0.1271110425775443,10396227.770825416
2019-11-13 10:30:00,0.054416503771817684,0.020636778236424107,0.048205272578205956,0.02629747686599705,0.20640853424305397,0.033510913457268476,0.033510913457268476,0.061428049762486225,0.033510913457268476,0.029685896843466713,0.04270300631740705,0.07827785418079922,0.03782878201935421,0.023295819330108877,0.03782878201935421,0.029685896843466713,0.03782878201935421,0.03782878201935421,0.1271110425775443,10384148.027445871
2019-11-13 11:30:00,0.054416503771817684,0.020636778236424107,0.048205272578205956,0.02629747686599705,0.20640853424305397,0.033510913457268476,0.033510913457268476,0.061428049762486225,0.033510913457268476,0.029685896843466713,0.04270300631740705,0.07827785418079922,0.03782878201935421,0.023295819330108877,0.03782878201935421,0.029685896843466713,0.03782878201935421,0.03782878201935421,0.1271110425775443,10384623.313702282
2019-11-13 12:30:00,0.057579018218368305,0.02183612227323731,0.04518476947801429,0.027825802736495514,0.21840434298101016,0.035458461362406136,0.031411146926050966,0.06499805300289846,0.031411146926050966,0.027825802736495514,0.04002727073765332,0.08282711456198469,0.035458461362406136,0.02183612227323731,0.035458461362406136,0.027825802736495514,0.04002727073765332,0.035458461362406136,0.11914636822472982,10395554.081816485
2019-11-13 13:30:00,0.057579018218368305,0.02183612227323731,0.04518476947801429,0.027825802736495514,0.21840434298101016,0.035458461362406136,0.031411146926050966,0.06499805300289846,0.031411146926050966,0.027825802736495514,0.04002727073765332,0.08282711456198469,0.035458461362406136,0.02183612227323731,0.035458461362406136,0.027825802736495514,0.04002727073765332,0.035458461362406136,0.11914636822472982,10385172.964174667
2019-11-13 14:30:00,0.057579018218368305,0.02183612227323731,0.04518476947801429,0.027825802736495514,0.21840434298101016,0.035458461362406136,0.031411146926050966,0.06499805300289846,0.031411146926050966,0.027825802736495514,0.04002727073765332,0.08282711456198469,0.035458461362406136,0.02183612227323731,0.035458461362406136,0.027825802736495514,0.04002727073765332,0.035458461362406136,0.11914636822472982,10387235.211482225
2019-11-13 15:30:00,0.057579018218368305,0.02183612227323731,0.04518476947801429,0.027825802736495514,0.21840434298101016,0.035458461362406136,0.031411146926050966,0.06499805300289846,0.031411146926050966,0.027825802736495514,0.04002727073765332,0.08282711456198469,0.035458461362406136,0.02183612227323731,0.035458461362406136,0.027825802736495514,0.04002727073765332,0.035458461362406136,0.11914636822472982,10392376.497773629
2019-11-14 10:30:00,0.057579018218368305,0.02183612227323731,0.04518476947801429,0.027825802736495514,0.21840434298101016,0.035458461362406136,0.031411146926050966,0.06499805300289846,0.031411146926050966,0.027825802736495514,0.04002727073765332,0.08282711456198469,0.035458461362406136,0.02183612227323731,0.035458461362406136,0.027825802736495514,0.04002727073765332,0.035458461362406136,0.11914636822472982,10390026.449336404
2019-11-14 11:30:00,0.057579018218368305,0.02183612227323731,0.04518476947801429,0.027825802736495514,0.21840434298101016,0.035458461362406136,0.031411146926050966,0.06499805300289846,0.031411146926050966,0.027825802736495514,0.04002727073765332,0.08282711456198469,0.035458461362406136,0.02183612227323731,0.035458461362406136,0.027825802736495514,0.04002727073765332,0.035458461362406136,0.11914636822472982,10387536.068767501
2019-11-14 12:30:00,0.057579018218368305,0.02183612227323731,0.04518476947801429,0.027825802736495514,0.21840434298101016,0.035458461362406136,0.031411146926050966,0.06499805300289846,0.031411146926050966,0.027825802736495514,0.04002727073765332,0.08282711456198469,0.035458461362406136,0.02183612227323731,0.035458461362406136,0.027825802736495514,0.04002727073765332,0.035458461362406136,0.11914636822472982,10373517.534187786
2019-11-14 13:30:00,0.057579018218368305,0.02183612227323731,0.04518476947801429,0.027825802736495514,0.21840434298101016,0.035458461362406136,0.031411146926050966,0.06499805300289846,0.031411146926050966,0.027825802736495514,0.04002727073765332,0.08282711456198469,0.035458461362406136,0.02183612227323731,0.035458461362406136,0.027825802736495514,0.04002727073765332,0.035458461362406136,0.11914636822472982,10365296.404750343
2019-11-14 14:30:00,0.057579018218368305,0.02183612227323731,0.04518476947801429,0.027825802736495514,0.21840434298101016,0.035458461362406136,0.031411146926050966,0.06499805300289846,0.031411146926050966,0.027825802736495514,0.04002727073765332,0.08282711456198469,0.035458461362406136,0.02183612227323731,0.035458461362406136,0.027825802736495514,0.04002727073765332,0.035458461362406136,0.11914636822472982,10361465.167403337
2019-11-14 15:30:00,0.05871689064912655,0.01972596323249032,0.046077707653587374,0.02837569425561619,0.22272043395174299,0.03615918893418188,0.02837569425561619,0.06628253986727099,0.02837569425561619,0.02513682396655967,0.040818286792809716,0.08446393806289794,0.03615918893418188,0.01972596323249032,0.0320318917600476,0.02837569425561619,0.040818286792809716,0.03615918893418188,0.12150093021315639,10372572.875127638
2019-11-15 10:30:00,0.06097184553068219,0.020483516239687114,0.04784726919977419,0.026102174878087234,0.23127375692592442,0.03754784113798244,0.029465430268062618,0.06882804483497712,0.026102174878087234,0.023122809582887042,0.042385866309412636,0.07769651245707695,0.03754784113798244,0.020483516239687114,0.033262039846760974,0.029465430268062618,0.042385866309412636,0.033262039846760974,0.1117660241086923,10408628.794748595
2019-11-15 11:30:00,0.06097184553068219,0.020483516239687114,0.04784726919977419,0.026102174878087234,0.23127375692592442,0.03754784113798244,0.029465430268062618,0.06882804483497712,0.026102174878087234,0.023122809582887042,0.042385866309412636,0.07769651245707695,0.03754784113798244,0.020483516239687114,0.033262039846760974,0.029465430268062618,0.042385866309412636,0.033262039846760974,0.1117660241086923,10410055.085964423
2019-11-15 12:30:00,0.06097184553068219,0.020483516239687114,0.04784726919977419,0.026102174878087234,0.23127375692592442,0.03754784113798244,0.029465430268062618,0.06882804483497712,0.026102174878087234,0.023122809582887042,0.042385866309412636,0.07769651245707695,0.03754784113798244,0.020483516239687114,0.033262039846760974,0.029465430268062618,0.042385866309412636,0.033262039846760974,0.1117660241086923,10404639.66885009
2019-11-15 13:30:00,0.06097184553068219,0.020483516239687114,0.04784726919977419,0.026102174878087234,0.23127375692592442,0.03754784113798244,0.029465430268062618,0.06882804483497712,0.026102174878087234,0.023122809582887042,0.042385866309412636,0.07769651245707695,0.03754784113798244,0.020483516239687114,0.033262039846760974,0.029465430268062618,0.042385866309412636,0.033262039846760974,0.1117660241086923,10400972.584183866
2019-11-15 14:30:00,0.06097184553068219,0.020483516239687114,0.04784726919977419,0.026102174878087234,0.23127375692592442,0.03754784113798244,0.029465430268062618,0.06882804483497712,0.026102174878087234,0.023122809582887042,0.042385866309412636,0.07769651245707695,0.03754784113798244,0.020483516239687114,0.033262039846760974,0.029465430268062618,0.042385866309412636,0.033262039846760974,0.1117660241086923,10403906.410339836
2019-11-15 15:30:00,0.06097184553068219,0.020483516239687114,0.04784726919977419,0.026102174878087234,0.23127375692592442,0.03754784113798244,0.029465430268062618,0.06882804483497712,0.026102174878087234,0.023122809582887042,0.042385866309412636,0.07769651245707695,0.03754784113798244,0.020483516239687114,0.033262039846760974,0.029465430268062618,0.042385866309412636,0.033262039846760974,0.1117660241086923,10400023.463684423
2019-11-20 10:30:00,0.06097184553068219,0.020483516239687114,0.04784726919977419,0.026102174878087234,0.23127375692592442,0.03754784113798244,0.029465430268062618,0.06882804483497712,0.026102174878087234,0.023122809582887042,0.042385866309412636,0.07769651245707695,0.03754784113798244,0.020483516239687114,0.033262039846760974,0.029465430268062618,0.042385866309412636,0.033262039846760974,0.1117660241086923,10411964.922319196
2019-11-20 11:30:00,0.06097184553068219,0.020483516239687114,0.04784726919977419,0.026102174878087234,0.23127375692592442,0.03754784113798244,0.029465430268062618,0.06882804483497712,0.026102174878087234,0.023122809582887042,0.042385866309412636,0.07769651245707695,0.03754784113798244,0.020483516239687114,0.033262039846760974,0.029465430268062618,0.042385866309412636,0.033262039846760974,0.1117660241086923,10394785.604798831
2019-11-20 12:30:00,0.06097184553068219,0.020483516239687114,0.04784726919977419,0.026102174878087234,0.23127375692592442,0.03754784113798244,0.029465430268062618,0.06882804483497712,0.026102174878087234,0.023122809582887042,0.042385866309412636,0.07769651245707695,0.03754784113798244,0.020483516239687114,0.033262039846760974,0.029465430268062618,0.042385866309412636,0.033262039846760974,0.1117660241086923,10385345.074121483
2019-11-20 13:30:00,0.06097184553068219,0.020483516239687114,0.04784726919977419,0.026102174878087234,0.23127375692592442,0.03754784113798244,0.029465430268062618,0.06882804483497712,0.026102174878087234,0.023122809582887042,0.042385866309412636,0.07769651245707695,0.03754784113798244,0.020483516239687114,0.033262039846760974,0.029465430268062618,0.042385866309412636,0.033262039846760974,0.1117660241086923,10353516.727389898
